id_colaborador,matricula,nome_colaborador,sexo,data_nascimento,data_admissao,data_desligamento,status_colaborador,tipo_desligamento,id_area,id_cargo,id_gestor,id_unidade
1,MAT00001,Brenda Alves,Masculino,1998-01-24,2025-03-04,,Ativo,,2,4,36,4
2,MAT00002,Sra. Isabelly Câmara,Masculino,1997-12-04,2020-07-03,2024-07-17,Desligado,Involuntário,1,1,70,2
3,MAT00003,Cauã Rocha,Masculino,1978-01-01,2024-08-15,,Ativo,,5,3,12,4
4,MAT00004,Dra. Aurora Pastor,Feminino,1973-10-01,2020-08-10,2024-01-01,Desligado,Voluntário,1,1,26,12
5,MAT00005,Ana Beatriz Alves,Feminino,1971-07-08,2025-04-15,,Ativo,,3,3,58,10
6,MAT00006,Henrique da Conceição,Masculino,2005-03-23,2021-02-13,,Ativo,,2,2,55,6
7,MAT00007,Amanda Novais,Feminino,1996-04-25,2021-02-12,,Ativo,,1,2,44,2
8,MAT00008,Yago Leão,Masculino,1981-02-12,2019-01-15,2023-02-21,Desligado,Involuntário,4,2,78,5
9,MAT00009,Pietro Pastor,Masculino,1976-09-04,2018-06-27,,Ativo,,6,3,49,2
10,MAT00010,André Teixeira,Feminino,1987-11-20,2024-03-11,,Ativo,,3,2,47,10
11,MAT00011,Otávio Fernandes,Feminino,2001-01-22,2020-02-27,,Ativo,,7,2,30,13
12,MAT00012,Eduardo Cunha,Masculino,2000-04-28,2021-03-31,,Ativo,,3,4,13,7
13,MAT00013,Sr. Caleb Garcia,Masculino,1976-11-27,2021-02-12,,Ativo,,6,7,47,3
14,MAT00014,Luiz Henrique Ferreira,Feminino,1983-04-22,2022-02-25,2023-11-23,Desligado,Voluntário,7,1,10,10
15,MAT00015,Julia Aparecida,Feminino,1995-09-24,2025-02-13,,Ativo,,2,2,32,3
16,MAT00016,Sra. Zoe Campos,Feminino,1981-05-21,2023-03-09,2025-05-11,Desligado,Involuntário,2,2,72,4
17,MAT00017,Anna Liz Novaes,Feminino,2002-04-27,2021-08-21,,Ativo,,8,5,5,13
18,MAT00018,Luiz Miguel Oliveira,Masculino,1980-05-03,2021-07-16,,Ativo,,6,5,28,15
19,MAT00019,Bernardo Aparecida,Masculino,1985-04-21,2024-05-12,2025-04-22,Desligado,Involuntário,1,2,51,15
20,MAT00020,Heloísa Vargas,Feminino,1976-03-09,2025-03-18,,Ativo,,2,1,18,4
21,MAT00021,Bruno da Conceição,Feminino,1971-05-24,2024-04-18,,Ativo,,5,5,75,7
22,MAT00022,Mateus da Mota,Feminino,1980-06-08,2024-07-18,,Ativo,,1,3,18,9
23,MAT00023,Maria Clara Castro,Feminino,2000-01-28,2023-07-15,,Ativo,,6,4,15,3
24,MAT00024,Dr. Gustavo Henrique Rios,Feminino,1995-11-14,2025-01-14,2025-05-16,Desligado,Voluntário,1,1,50,7
25,MAT00025,Brayan Pereira,Feminino,1976-09-09,2024-09-06,,Ativo,,3,7,71,14
26,MAT00026,Eloá Nascimento,Feminino,1998-11-18,2018-02-17,2021-05-14,Desligado,Voluntário,5,4,44,2
27,MAT00027,Srta. Elisa Martins,Masculino,1978-03-15,2021-04-17,,Ativo,,7,3,1,12
28,MAT00028,Júlia Porto,Feminino,1973-03-17,2020-12-14,,Ativo,,6,2,14,14
29,MAT00029,Dra. Hellena Rodrigues,Feminino,1986-11-17,2025-01-05,,Ativo,,6,6,78,4
30,MAT00030,Sr. Ian Andrade,Masculino,1982-03-18,2019-09-19,,Ativo,,2,2,68,15
31,MAT00031,Dr. João Felipe Azevedo,Feminino,1967-06-16,2018-01-03,,Ativo,,1,2,3,2
32,MAT00032,Levi Cunha,Feminino,1986-04-02,2022-01-26,,Ativo,,1,2,31,15
33,MAT00033,Sara Gonçalves,Masculino,2000-02-24,2024-05-12,,Ativo,,3,5,63,14
34,MAT00034,Natália Casa Grande,Feminino,1971-03-05,2018-10-11,,Ativo,,8,3,61,9
35,MAT00035,Davi Miguel da Cruz,Feminino,1989-09-28,2019-11-08,,Ativo,,2,1,78,7
36,MAT00036,Dra. Zoe da Luz,Feminino,1971-12-23,2020-05-17,,Ativo,,1,2,26,12
37,MAT00037,Dra. Mariane Pacheco,Feminino,1980-11-21,2021-06-30,,Ativo,,1,2,48,8
38,MAT00038,Maria Cecília Câmara,Masculino,1977-02-08,2023-10-21,,Ativo,,5,6,29,2
39,MAT00039,Thomas Monteiro,Feminino,2004-10-18,2021-10-16,,Ativo,,2,3,30,10
40,MAT00040,Benicio Camargo,Feminino,2005-02-23,2020-06-21,,Ativo,,1,3,8,4
41,MAT00041,Emanuel Vieira,Feminino,2003-06-03,2018-10-04,,Ativo,,1,2,66,4
42,MAT00042,Mariana Peixoto,Feminino,1974-04-18,2021-02-14,,Ativo,,3,3,17,12
43,MAT00043,Matheus Garcia,Feminino,1969-08-08,2024-05-27,,Ativo,,5,4,61,13
44,MAT00044,Nina Moura,Masculino,1993-02-04,2022-07-26,,Ativo,,2,1,56,6
45,MAT00045,Yuri Albuquerque,Feminino,1979-08-28,2022-10-01,,Ativo,,2,3,7,11
46,MAT00046,Bruna Rodrigues,Masculino,1999-01-13,2025-04-30,2025-10-23,Desligado,Involuntário,3,3,14,4
47,MAT00047,Juliana Vargas,Masculino,1993-09-15,2020-02-24,,Ativo,,4,3,18,7
48,MAT00048,Manuela Camargo,Masculino,1988-08-08,2020-01-22,,Ativo,,7,4,10,8
49,MAT00049,Pedro Henrique Castro,Masculino,1999-01-21,2024-03-04,,Ativo,,1,1,70,14
50,MAT00050,Agatha Silveira,Feminino,2000-04-06,2018-03-02,,Ativo,,1,1,53,8
51,MAT00051,Sra. Sarah Teixeira,Masculino,1992-07-02,2023-05-26,,Ativo,,1,2,22,7
52,MAT00052,Thiago Caldeira,Feminino,1981-05-26,2018-01-09,,Ativo,,2,3,59,5
53,MAT00053,Letícia Porto,Masculino,1970-11-23,2022-09-29,,Ativo,,5,5,63,3
54,MAT00054,Fernanda Cassiano,Feminino,1987-04-02,2020-02-17,,Ativo,,4,2,75,12
55,MAT00055,Sr. Vitor Hugo Vasconcelos,Masculino,2002-12-11,2024-01-30,,Ativo,,2,4,8,1
56,MAT00056,Agatha Peixoto,Feminino,1975-09-28,2024-07-20,,Ativo,,4,5,68,3
57,MAT00057,Dr. Antony Camargo,Feminino,1973-02-28,2018-08-21,,Ativo,,3,2,24,2
58,MAT00058,Dr. Isaque Araújo,Masculino,2001-11-28,2024-09-03,2025-04-01,Desligado,Involuntário,1,3,52,2
59,MAT00059,Bruno Barros,Feminino,1990-10-20,2024-05-22,2024-09-09,Desligado,Involuntário,7,2,80,2
60,MAT00060,Sra. Ana Lívia Teixeira,Feminino,1968-10-17,2022-09-14,,Ativo,,8,7,41,15
61,MAT00061,Carolina Cardoso,Feminino,1992-11-23,2020-12-04,,Ativo,,2,4,41,4
62,MAT00062,Olívia Novaes,Feminino,1980-03-22,2020-12-23,,Ativo,,4,7,39,8
63,MAT00063,João Moura,Feminino,2001-01-15,2021-07-19,,Ativo,,1,3,80,10
64,MAT00064,Mariana Cunha,Masculino,2001-09-07,2019-02-14,,Ativo,,3,6,65,5
65,MAT00065,Gabriela Silva,Masculino,1983-02-08,2019-06-27,,Ativo,,5,4,48,5
66,MAT00066,Murilo Rios,Feminino,1977-09-23,2019-10-09,,Ativo,,6,6,39,10
67,MAT00067,Maria Fernanda Macedo,Masculino,1972-01-22,2025-05-02,,Ativo,,3,5,71,5
68,MAT00068,Milena Campos,Feminino,1999-03-09,2025-06-10,,Ativo,,6,6,15,15
69,MAT00069,Henry Gabriel Azevedo,Feminino,1970-03-09,2019-03-15,2022-08-10,Desligado,Voluntário,1,2,78,4
70,MAT00070,Sr. Yuri da Conceição,Masculino,1992-11-21,2021-11-05,2023-07-28,Desligado,Voluntário,2,2,65,8
71,MAT00071,Hellena Abreu,Masculino,2002-02-21,2020-10-25,,Ativo,,2,1,55,14
72,MAT00072,Bento da Conceição,Feminino,2003-01-11,2021-02-07,2025-09-03,Desligado,Voluntário,1,3,17,11
73,MAT00073,Arthur Gabriel Farias,Masculino,1995-12-15,2020-12-08,,Ativo,,4,4,71,12
74,MAT00074,Théo da Costa,Feminino,1970-01-04,2022-10-18,,Ativo,,3,3,10,15
75,MAT00075,Ryan Cunha,Masculino,1971-01-27,2019-09-03,2024-01-22,Desligado,Involuntário,3,2,75,9
76,MAT00076,Caroline Silveira,Feminino,1978-03-02,2019-08-30,,Ativo,,5,5,40,6
77,MAT00077,Olívia da Cruz,Masculino,1983-04-22,2018-06-13,,Ativo,,2,2,32,11
78,MAT00078,Maria Luísa Correia,Feminino,1983-09-28,2019-02-26,,Ativo,,2,4,53,10
79,MAT00079,Calebe Ribeiro,Feminino,1990-03-26,2019-09-26,,Ativo,,4,4,23,15
80,MAT00080,Maria Lima,Feminino,2004-03-24,2022-08-16,2024-09-24,Desligado,Voluntário,5,3,53,13
81,MAT00081,Nina Siqueira,Feminino,1988-03-26,2020-10-13,,Ativo,,7,3,14,7
82,MAT00082,Carlos Eduardo Araújo,Feminino,1975-04-07,2018-06-08,2023-11-04,Desligado,Voluntário,3,4,45,5
83,MAT00083,Maitê Caldeira,Masculino,1991-01-22,2020-07-21,2021-11-18,Desligado,Voluntário,4,4,52,6
84,MAT00084,Gael Correia,Feminino,2001-05-12,2021-02-15,,Ativo,,3,6,66,7
85,MAT00085,Melissa Carvalho,Masculino,1984-01-04,2024-01-06,2024-12-28,Desligado,Voluntário,1,3,23,10
86,MAT00086,Emilly da Mota,Feminino,2003-02-20,2020-12-23,,Ativo,,4,3,56,6
87,MAT00087,Isadora Barbosa,Masculino,1978-10-17,2021-07-08,,Ativo,,4,7,15,7
88,MAT00088,Beatriz Aragão,Feminino,1993-05-02,2024-06-19,2025-09-14,Desligado,Voluntário,7,1,56,1
89,MAT00089,Ágatha Albuquerque,Masculino,1971-11-24,2023-10-31,2025-12-15,Desligado,Voluntário,1,3,26,6
90,MAT00090,Isaac Cavalcante,Feminino,2001-11-11,2022-11-02,,Ativo,,1,3,80,6
91,MAT00091,Raquel Mendes,Masculino,1998-12-10,2025-06-10,,Ativo,,5,5,65,5
92,MAT00092,Murilo Araújo,Masculino,1979-06-13,2025-06-24,,Ativo,,6,3,38,9
93,MAT00093,Mateus Abreu,Feminino,1993-07-22,2019-06-06,,Ativo,,6,8,49,11
94,MAT00094,Julia Viana,Masculino,1969-05-13,2019-12-14,,Ativo,,6,3,71,14
95,MAT00095,Laura Lima,Feminino,1986-05-07,2018-01-02,,Ativo,,3,5,56,13
96,MAT00096,Dra. Raquel Cassiano,Feminino,1967-11-11,2024-07-03,,Ativo,,7,2,60,8
97,MAT00097,Juan Cunha,Feminino,1992-09-16,2022-12-17,2025-06-06,Desligado,Involuntário,7,2,22,11
98,MAT00098,Vitor Hugo Araújo,Feminino,1987-09-22,2018-12-14,,Ativo,,2,4,80,6
99,MAT00099,Sra. Ana Laura Aragão,Feminino,1990-11-10,2019-01-18,,Ativo,,4,4,29,13
100,MAT00100,Pietra Montenegro,Masculino,1996-01-02,2020-03-26,,Ativo,,5,6,32,8
101,MAT00101,Eduarda Araújo,Feminino,2001-08-14,2024-11-08,2025-12-25,Desligado,Voluntário,1,2,74,4
102,MAT00102,Anna Liz Cirino,Masculino,1974-07-08,2022-04-22,2023-05-19,Desligado,Voluntário,7,2,1,15
103,MAT00103,Bernardo Rocha,Feminino,1978-04-06,2019-03-13,2025-04-01,Desligado,Involuntário,4,2,60,1
104,MAT00104,Nathan Campos,Masculino,1990-02-15,2024-04-02,2024-11-14,Desligado,Voluntário,6,5,60,11
105,MAT00105,Isadora Pacheco,Masculino,1970-10-11,2023-12-16,,Ativo,,2,2,57,10
106,MAT00106,Ana Cecília Pinto,Feminino,1978-09-15,2023-08-30,,Ativo,,8,5,21,12
107,MAT00107,Otto Ribeiro,Masculino,1977-05-25,2023-04-29,,Ativo,,6,4,32,14
108,MAT00108,Stephany Dias,Feminino,1988-09-16,2025-02-24,2025-11-01,Desligado,Voluntário,1,2,31,5
109,MAT00109,Gustavo Rios,Masculino,2001-12-10,2022-12-07,,Ativo,,1,1,31,5
110,MAT00110,Sra. Isabella da Luz,Feminino,1985-09-03,2021-10-07,,Ativo,,4,7,18,3
111,MAT00111,Caroline Rios,Feminino,1981-12-05,2020-08-05,,Ativo,,7,1,28,2
112,MAT00112,Letícia Marques,Feminino,1979-06-18,2022-08-27,,Ativo,,8,2,60,7
113,MAT00113,Sr. Anthony Marques,Masculino,1992-07-13,2018-09-13,,Ativo,,8,2,75,12
114,MAT00114,Beatriz Barbosa,Feminino,1969-07-16,2018-03-22,,Ativo,,3,4,1,6
115,MAT00115,Hadassa Montenegro,Feminino,1981-07-18,2021-05-08,,Ativo,,4,4,70,13
116,MAT00116,Davi Lucca Ferreira,Feminino,1991-08-08,2024-10-06,,Ativo,,2,4,35,7
117,MAT00117,Joaquim Freitas,Feminino,2004-07-11,2023-06-13,,Ativo,,4,3,52,12
118,MAT00118,Emanuel Macedo,Masculino,1976-03-20,2019-11-08,2020-05-26,Desligado,Involuntário,2,2,51,10
119,MAT00119,Liz Pimenta,Masculino,2004-02-21,2024-04-30,,Ativo,,5,5,55,3
120,MAT00120,Vitória Albuquerque,Masculino,1994-01-09,2023-03-07,,Ativo,,5,4,49,6
121,MAT00121,Letícia Ribeiro,Feminino,1976-06-11,2020-05-16,,Ativo,,8,5,49,5
122,MAT00122,Davi Luiz da Luz,Feminino,1989-02-16,2022-09-23,2023-01-30,Desligado,Voluntário,7,4,70,1
123,MAT00123,Cauê Souza,Masculino,1991-11-03,2021-12-04,,Ativo,,6,8,6,13
124,MAT00124,Daniela da Mata,Masculino,1990-04-27,2018-05-08,,Ativo,,2,4,3,10
125,MAT00125,Gustavo Henrique Silva,Feminino,1990-03-16,2019-09-17,,Ativo,,3,4,15,10
126,MAT00126,Sr. João Montenegro,Masculino,1976-12-09,2020-06-11,,Ativo,,7,3,48,3
127,MAT00127,Isis Aragão,Masculino,1967-12-23,2024-10-17,,Ativo,,4,5,15,13
128,MAT00128,Otávio da Mota,Masculino,1986-02-19,2019-11-02,2020-05-15,Desligado,Involuntário,2,2,40,10
129,MAT00129,Alexandre Farias,Feminino,1980-12-07,2022-03-18,,Ativo,,2,3,10,10
130,MAT00130,João Castro,Masculino,1990-02-23,2025-01-13,,Ativo,,1,3,39,14
131,MAT00131,Sra. Mariane Novais,Feminino,1998-10-26,2024-09-25,,Ativo,,3,6,6,6
132,MAT00132,Daniel Barbosa,Masculino,1978-11-12,2023-12-23,2024-05-31,Desligado,Voluntário,7,2,65,11
133,MAT00133,Srta. Ísis Andrade,Feminino,2005-07-27,2021-10-29,,Ativo,,4,5,63,2
134,MAT00134,Sr. Pedro Cardoso,Feminino,1982-11-27,2022-11-11,,Ativo,,1,2,59,12
135,MAT00135,Leandro Fonseca,Feminino,1978-03-24,2019-09-19,,Ativo,,3,7,67,11
136,MAT00136,Luiz Henrique Costela,Masculino,1971-08-15,2021-01-11,,Ativo,,6,3,56,14
137,MAT00137,Isadora Rios,Feminino,1988-06-28,2024-08-23,,Ativo,,8,2,32,14
138,MAT00138,Luiz Gustavo Vasconcelos,Feminino,1988-08-08,2018-12-21,,Ativo,,2,2,60,10
139,MAT00139,Maria Luísa Pinto,Feminino,1981-06-01,2024-11-04,,Ativo,,2,3,64,14
140,MAT00140,Srta. Isabela Castro,Masculino,1994-08-07,2021-08-24,2023-11-18,Desligado,Voluntário,1,1,34,6
141,MAT00141,Noah Alves,Feminino,1967-12-09,2021-02-19,,Ativo,,1,2,72,1
142,MAT00142,Lucas Gabriel Viana,Feminino,1993-02-08,2023-10-18,,Ativo,,5,4,53,8
143,MAT00143,Isadora da Mata,Feminino,1990-12-16,2024-03-24,2025-11-06,Desligado,Voluntário,1,2,58,13
144,MAT00144,Cauê Garcia,Feminino,2000-05-08,2018-03-12,,Ativo,,3,3,52,12
145,MAT00145,Ravy Câmara,Masculino,1986-11-19,2020-09-23,,Ativo,,5,3,48,8
146,MAT00146,Raul Ferreira,Feminino,1972-06-14,2024-03-17,,Ativo,,1,4,71,6
147,MAT00147,Ian Câmara,Feminino,1976-05-10,2021-12-12,,Ativo,,2,3,33,4
148,MAT00148,Gael Guerra,Masculino,1993-06-04,2019-05-10,,Ativo,,1,2,69,13
149,MAT00149,Dr. Bernardo Vargas,Feminino,1993-04-24,2020-01-29,,Ativo,,2,2,62,5
150,MAT00150,Luiz Fernando Ramos,Feminino,1972-10-10,2024-08-11,,Ativo,,2,3,13,14
151,MAT00151,Maria Liz Rocha,Feminino,1987-04-12,2020-03-06,,Ativo,,3,2,23,5
152,MAT00152,Luísa Alves,Feminino,1971-03-09,2018-02-27,,Ativo,,2,2,6,1
153,MAT00153,José Pedro Cavalcanti,Feminino,1987-12-05,2024-03-16,,Ativo,,2,1,63,2
154,MAT00154,Julia Andrade,Masculino,1969-05-16,2018-02-20,,Ativo,,7,2,62,8
155,MAT00155,Pedro Henrique Ferreira,Masculino,1994-01-09,2021-10-27,,Ativo,,3,2,62,2
156,MAT00156,Sra. Maya Pereira,Feminino,1980-08-03,2018-09-25,2025-06-13,Desligado,Voluntário,5,5,7,3
157,MAT00157,Bruna Gomes,Masculino,1969-05-03,2019-09-04,,Ativo,,5,5,32,2
158,MAT00158,Esther da Cunha,Feminino,1979-10-20,2024-04-04,,Ativo,,4,3,80,4
159,MAT00159,Pedro Henrique Abreu,Feminino,1981-08-15,2023-11-11,2024-12-09,Desligado,Voluntário,2,1,76,7
160,MAT00160,Zoe Rodrigues,Feminino,1969-10-02,2021-06-04,,Ativo,,7,1,79,12
161,MAT00161,Dra. Fernanda Fonseca,Masculino,1992-11-07,2019-02-11,,Ativo,,8,2,34,11
162,MAT00162,Ana Lívia Rios,Feminino,1995-04-06,2018-11-29,,Ativo,,7,3,71,2
163,MAT00163,Dr. Davi Silveira,Feminino,2005-07-15,2019-10-04,,Ativo,,5,7,77,8
164,MAT00164,Thiago das Neves,Feminino,2003-04-10,2021-04-07,2025-06-22,Desligado,Voluntário,2,3,37,12
165,MAT00165,Maria Luísa Duarte,Feminino,2001-11-08,2023-02-03,2025-12-05,Desligado,Voluntário,3,3,34,13
166,MAT00166,Laís Novaes,Feminino,1968-11-26,2025-01-04,,Ativo,,4,2,26,7
167,MAT00167,Gael Leão,Masculino,1971-04-21,2019-04-16,2021-03-16,Desligado,Voluntário,1,2,35,14
168,MAT00168,Maria Helena Rocha,Masculino,2001-01-06,2019-08-06,,Ativo,,2,3,40,10
169,MAT00169,Srta. Liz Guerra,Feminino,1987-08-04,2024-05-20,,Ativo,,6,4,60,12
170,MAT00170,Agatha da Rosa,Masculino,1980-05-17,2021-05-30,,Ativo,,2,4,70,8
171,MAT00171,Gustavo Henrique Lopes,Feminino,2000-10-02,2022-11-29,,Ativo,,1,3,56,12
172,MAT00172,Luna Martins,Masculino,1967-05-01,2021-08-13,,Ativo,,1,3,12,4
173,MAT00173,Melina Rocha,Feminino,1968-01-25,2024-06-14,2025-08-22,Desligado,Voluntário,1,3,35,10
174,MAT00174,Thomas Melo,Feminino,1994-08-17,2018-06-14,,Ativo,,6,5,57,15
175,MAT00175,Srta. Antonella da Paz,Feminino,1994-10-14,2021-02-13,,Ativo,,7,2,63,2
176,MAT00176,Lívia Borges,Masculino,1983-07-11,2023-04-10,,Ativo,,2,2,42,11
177,MAT00177,Leonardo Câmara,Feminino,1995-06-14,2019-03-05,,Ativo,,3,3,64,5
178,MAT00178,Diogo Alves,Feminino,1980-09-02,2025-06-06,,Ativo,,4,7,59,2
179,MAT00179,Joaquim Melo,Feminino,1989-06-04,2021-07-12,,Ativo,,7,3,52,14
180,MAT00180,Ana Sophia Marques,Masculino,2005-11-28,2023-10-09,,Ativo,,6,4,70,8
181,MAT00181,Evelyn Silva,Feminino,2002-04-17,2022-08-20,,Ativo,,6,2,47,10
182,MAT00182,Sra. Sabrina Guerra,Masculino,1977-01-07,2023-08-04,,Ativo,,5,3,35,9
183,MAT00183,Diogo Rezende,Feminino,1987-08-23,2019-06-21,,Ativo,,7,2,63,2
184,MAT00184,Srta. Bianca Vasconcelos,Masculino,1967-04-23,2018-04-29,,Ativo,,7,1,21,5
185,MAT00185,Hellena Cavalcanti,Masculino,2005-09-14,2024-03-06,,Ativo,,1,1,12,4
186,MAT00186,Dra. Nicole Aragão,Feminino,1976-02-21,2019-04-10,,Ativo,,5,5,20,8
187,MAT00187,Isadora Campos,Masculino,1973-12-09,2021-04-10,,Ativo,,2,1,54,14
188,MAT00188,Catarina Martins,Feminino,1975-04-15,2023-05-31,,Ativo,,3,4,71,3
189,MAT00189,Vitória Novais,Feminino,1993-10-17,2022-04-21,,Ativo,,4,4,18,14
190,MAT00190,Luiza Sá,Masculino,1988-07-11,2018-10-13,,Ativo,,7,4,65,5
191,MAT00191,Sofia Lima,Masculino,1987-12-10,2018-01-11,2024-11-09,Desligado,Voluntário,7,3,75,11
192,MAT00192,Melissa Castro,Masculino,1996-08-18,2023-06-29,,Ativo,,3,5,62,6
193,MAT00193,Sra. Milena da Luz,Masculino,1970-09-13,2021-09-23,,Ativo,,3,2,59,15
194,MAT00194,João Guilherme Vargas,Feminino,1993-12-08,2021-08-11,,Ativo,,1,4,74,7
195,MAT00195,Raquel Pires,Masculino,1979-01-11,2020-08-14,2025-01-15,Desligado,Voluntário,4,3,61,12
196,MAT00196,João Guilherme Macedo,Feminino,1981-11-26,2022-04-11,,Ativo,,1,2,20,8
197,MAT00197,João Pedro da Costa,Masculino,1997-09-19,2018-06-01,,Ativo,,7,2,43,14
198,MAT00198,Lucas Gabriel Dias,Feminino,1977-02-17,2019-02-16,,Ativo,,3,3,59,1
199,MAT00199,Anna Liz Carvalho,Masculino,1979-11-05,2019-08-14,,Ativo,,1,2,10,8
200,MAT00200,Igor Gomes,Feminino,1984-10-23,2020-12-21,,Ativo,,2,2,51,11
201,MAT00201,Srta. Hadassa Azevedo,Feminino,1984-11-28,2018-11-25,,Ativo,,5,4,69,7
202,MAT00202,Maria Luísa Farias,Feminino,1974-09-02,2021-07-21,,Ativo,,3,2,80,2
203,MAT00203,Nina Leão,Feminino,1987-04-24,2020-08-19,,Ativo,,4,2,12,7
204,MAT00204,Gustavo Leão,Feminino,1999-08-06,2019-02-08,2022-09-16,Desligado,Voluntário,7,1,4,1
205,MAT00205,Alícia Teixeira,Feminino,2002-05-12,2021-08-21,,Ativo,,4,2,48,7
206,MAT00206,Maria Helena Mendes,Feminino,1990-09-14,2019-08-20,,Ativo,,3,4,73,11
207,MAT00207,Luiz Gustavo da Rosa,Masculino,1995-03-03,2020-01-08,,Ativo,,1,1,79,14
208,MAT00208,Mariah Nascimento,Feminino,1990-08-19,2022-04-16,,Ativo,,2,2,19,4
209,MAT00209,Dra. Ísis Pereira,Masculino,1989-08-09,2023-03-04,,Ativo,,1,1,2,15
210,MAT00210,Ryan Câmara,Feminino,1987-11-18,2023-03-21,2023-11-27,Desligado,Involuntário,1,1,10,8
211,MAT00211,Pedro Henrique Mendonça,Feminino,1968-05-21,2021-11-16,2024-07-01,Desligado,Involuntário,1,3,33,8
212,MAT00212,Mathias Fernandes,Masculino,1993-07-28,2021-05-22,,Ativo,,1,1,62,2
213,MAT00213,Maria Luiza Silveira,Feminino,1981-10-12,2020-08-29,,Ativo,,6,3,74,5
214,MAT00214,Ravi Lucca Cardoso,Feminino,2004-11-13,2021-04-24,2023-02-05,Desligado,Voluntário,2,4,2,10
215,MAT00215,Yasmin Alves,Feminino,1967-12-16,2018-07-20,,Ativo,,1,1,37,13
216,MAT00216,Amanda Barros,Feminino,1967-06-08,2020-07-31,,Ativo,,7,3,25,10
217,MAT00217,Mariane Carvalho,Masculino,1997-11-04,2020-10-23,,Ativo,,2,2,6,5
218,MAT00218,Emilly Aragão,Feminino,2003-10-12,2022-12-11,,Ativo,,3,4,17,2
219,MAT00219,Mateus Duarte,Masculino,1985-12-14,2021-04-23,,Ativo,,8,5,23,4
220,MAT00220,Rafael Duarte,Feminino,1971-06-17,2019-06-26,,Ativo,,3,6,65,15
221,MAT00221,Dr. João Lucas Sá,Masculino,1995-05-27,2021-01-21,,Ativo,,1,2,62,13
222,MAT00222,Isis Barros,Masculino,1984-02-15,2021-04-23,,Ativo,,2,1,10,3
223,MAT00223,Allana Souza,Feminino,1980-09-12,2020-07-13,,Ativo,,3,2,12,13
224,MAT00224,Ana Júlia Ferreira,Feminino,2005-05-18,2022-06-05,,Ativo,,7,1,16,8
225,MAT00225,Bernardo Vasconcelos,Feminino,1989-10-13,2022-02-18,,Ativo,,4,5,48,2
226,MAT00226,Ana Cecília Sá,Masculino,1975-01-20,2020-08-15,,Ativo,,1,1,72,6
227,MAT00227,Josué Costa,Feminino,1991-11-03,2024-11-03,,Ativo,,4,4,60,15
228,MAT00228,Eduardo da Costa,Feminino,1979-02-05,2021-05-22,,Ativo,,7,2,6,1
229,MAT00229,Renan Rios,Feminino,1974-02-04,2021-05-31,,Ativo,,1,1,31,15
230,MAT00230,Henrique Martins,Feminino,1997-07-15,2024-01-11,,Ativo,,4,3,48,11
231,MAT00231,Sra. Maria Eduarda Cavalcante,Feminino,1979-10-24,2024-01-22,,Ativo,,2,3,20,15
232,MAT00232,Bruna Vasconcelos,Masculino,1999-08-20,2022-08-27,,Ativo,,3,5,53,5
233,MAT00233,Leonardo Caldeira,Masculino,1982-04-15,2018-05-15,,Ativo,,1,1,57,4
234,MAT00234,Amanda das Neves,Feminino,1999-11-12,2022-01-25,,Ativo,,1,2,70,15
235,MAT00235,Maria Flor Gonçalves,Feminino,1983-01-13,2025-03-26,2025-09-02,Desligado,Involuntário,6,2,25,2
236,MAT00236,Srta. Ana Vitória Pastor,Masculino,2000-11-07,2023-02-06,,Ativo,,5,5,77,1
237,MAT00237,Dra. Isabelly Caldeira,Masculino,1984-04-05,2018-07-27,,Ativo,,6,5,73,4
238,MAT00238,Sra. Bárbara Vieira,Feminino,1970-04-19,2018-10-09,,Ativo,,2,1,28,14
239,MAT00239,Ana Cecília Ferreira,Feminino,1984-03-26,2020-08-12,,Ativo,,8,4,77,1
240,MAT00240,Mariane Ribeiro,Masculino,1996-03-18,2021-02-09,,Ativo,,7,3,33,13
241,MAT00241,Sr. Thiago Ramos,Feminino,1998-11-28,2019-12-16,,Ativo,,5,6,4,3
242,MAT00242,Sr. Otto Mendonça,Feminino,1983-04-19,2018-03-02,,Ativo,,2,4,42,1
243,MAT00243,Pedro Fonseca,Feminino,1989-01-05,2019-12-15,,Ativo,,5,7,54,9
244,MAT00244,Natália Santos,Feminino,2001-08-15,2019-04-11,,Ativo,,7,1,47,9
245,MAT00245,Pedro Henrique Cavalcanti,Feminino,1999-08-17,2024-08-28,,Ativo,,7,4,29,10
246,MAT00246,Dra. Júlia Pimenta,Masculino,1972-05-15,2018-06-27,,Ativo,,7,3,4,1
247,MAT00247,Rafaela Martins,Feminino,1980-07-22,2023-05-16,2023-12-02,Desligado,Voluntário,1,2,63,12
248,MAT00248,Juliana Duarte,Feminino,2001-02-11,2022-12-22,,Ativo,,5,4,78,3
249,MAT00249,Caio da Mota,Feminino,1997-05-20,2018-09-27,,Ativo,,2,2,75,9
250,MAT00250,Isabelly Sá,Feminino,1981-10-17,2021-08-24,,Ativo,,4,6,38,8
251,MAT00251,Maria Helena Fernandes,Feminino,1967-07-04,2023-09-02,2025-11-18,Desligado,Involuntário,1,4,15,14
252,MAT00252,Thales Duarte,Feminino,1970-12-28,2025-05-05,,Ativo,,7,3,28,7
253,MAT00253,Ryan Cunha,Masculino,1991-07-11,2023-01-24,,Ativo,,6,4,59,7
254,MAT00254,Dr. Luigi da Mota,Feminino,1999-06-14,2022-08-31,,Ativo,,7,4,41,11
255,MAT00255,Kamilly Novais,Feminino,1982-03-22,2020-11-10,,Ativo,,3,5,61,2
256,MAT00256,Valentim Correia,Feminino,2000-02-14,2019-01-09,,Ativo,,2,2,13,12
257,MAT00257,Isaque Silveira,Feminino,1997-09-02,2022-03-07,,Ativo,,1,1,76,9
258,MAT00258,Rebeca Novais,Masculino,1984-11-04,2024-04-19,2025-09-11,Desligado,Involuntário,2,3,46,14
259,MAT00259,Renan Ramos,Masculino,1978-12-02,2025-06-18,,Ativo,,1,2,37,10
260,MAT00260,Sra. Melissa Vieira,Feminino,1983-02-19,2021-07-03,2024-08-05,Desligado,Involuntário,3,4,28,3
261,MAT00261,Caleb da Rocha,Feminino,1975-04-28,2025-05-13,,Ativo,,8,4,14,6
262,MAT00262,Nathan Sales,Feminino,1982-02-25,2024-03-28,,Ativo,,2,1,36,10
263,MAT00263,Leandro Ribeiro,Masculino,1978-09-25,2020-07-15,2025-05-16,Desligado,Involuntário,6,3,80,10
264,MAT00264,Maria Eduarda Melo,Masculino,1970-01-20,2025-03-17,2025-11-30,Desligado,Voluntário,7,4,35,1
265,MAT00265,Vitória Ferreira,Feminino,1988-12-25,2020-01-09,,Ativo,,5,4,40,15
266,MAT00266,Luísa Fogaça,Masculino,1983-01-06,2021-10-23,,Ativo,,2,2,19,10
267,MAT00267,Sra. Júlia das Neves,Feminino,1980-02-05,2025-05-16,,Ativo,,1,4,4,2
268,MAT00268,Igor Campos,Masculino,1992-07-14,2023-12-13,,Ativo,,7,4,59,6
269,MAT00269,Srta. Luara Campos,Feminino,1982-05-24,2019-10-07,2023-08-25,Desligado,Voluntário,5,5,73,10
270,MAT00270,Dra. Ester Correia,Feminino,2002-03-06,2018-12-14,,Ativo,,2,3,80,1
271,MAT00271,Rodrigo da Mota,Feminino,1988-08-22,2018-12-01,2023-12-01,Desligado,Involuntário,2,3,63,10
272,MAT00272,Dra. Valentina Peixoto,Feminino,1979-05-07,2022-12-16,,Ativo,,3,4,66,2
273,MAT00273,Carlos Eduardo Correia,Masculino,1978-02-10,2021-11-14,,Ativo,,5,5,76,8
274,MAT00274,Ian Fonseca,Masculino,1986-01-08,2023-11-29,,Ativo,,6,5,51,10
275,MAT00275,Kevin Albuquerque,Masculino,2005-04-10,2018-08-13,,Ativo,,5,6,28,13
276,MAT00276,Dra. Carolina da Mota,Masculino,1989-05-11,2019-07-17,,Ativo,,4,5,16,1
277,MAT00277,Benjamim Novaes,Feminino,1978-03-05,2023-07-31,,Ativo,,7,1,49,9
278,MAT00278,Davi Lucas Porto,Masculino,1973-09-27,2020-07-31,2024-07-28,Desligado,Involuntário,2,3,46,2
279,MAT00279,Bella Albuquerque,Masculino,2003-07-01,2022-06-15,,Ativo,,3,2,59,15
280,MAT00280,Larissa Melo,Masculino,1985-10-14,2018-11-15,,Ativo,,8,4,74,7
281,MAT00281,Maysa Fernandes,Feminino,1979-05-04,2025-03-07,2025-09-16,Desligado,Involuntário,3,5,3,6
282,MAT00282,Benjamim da Cunha,Masculino,1976-12-12,2019-12-05,,Ativo,,8,3,12,7
283,MAT00283,Bruna Azevedo,Feminino,1990-07-19,2019-03-10,,Ativo,,1,4,52,9
284,MAT00284,Rebeca Barbosa,Feminino,1980-05-24,2018-11-19,2022-12-08,Desligado,Voluntário,2,3,29,6
285,MAT00285,Ana Júlia Cassiano,Masculino,2001-09-21,2019-11-20,,Ativo,,4,2,15,9
286,MAT00286,Kevin Barros,Masculino,1993-06-12,2023-09-20,,Ativo,,8,5,19,4
287,MAT00287,Dante Novais,Feminino,1996-05-07,2019-02-26,,Ativo,,1,1,23,10
288,MAT00288,Heloisa Vasconcelos,Feminino,2001-03-25,2019-09-19,,Ativo,,6,5,64,8
289,MAT00289,Maria Helena Machado,Feminino,1968-08-22,2024-04-28,,Ativo,,8,4,73,11
290,MAT00290,Letícia Pastor,Feminino,1985-11-11,2025-02-15,,Ativo,,6,5,20,8
291,MAT00291,Lorena Nunes,Masculino,1975-08-21,2018-10-07,,Ativo,,5,5,39,13
292,MAT00292,Ana Liz Pimenta,Feminino,1968-01-12,2021-01-30,,Ativo,,1,2,65,2
293,MAT00293,Srta. Giovanna Pires,Masculino,1976-08-02,2021-06-25,,Ativo,,4,3,8,6
294,MAT00294,João Ribeiro,Feminino,2001-11-28,2021-03-21,,Ativo,,3,6,12,10
295,MAT00295,Emanuel da Costa,Masculino,1973-07-15,2024-08-30,,Ativo,,1,3,75,9
296,MAT00296,Yuri Barbosa,Masculino,1977-10-21,2018-06-18,,Ativo,,3,7,25,6
297,MAT00297,Alexandre Jesus,Masculino,1975-09-05,2024-10-14,,Ativo,,6,5,8,8
298,MAT00298,Olivia da Rocha,Masculino,1984-12-03,2019-02-28,2025-01-23,Desligado,Involuntário,4,2,23,1
299,MAT00299,Igor da Paz,Feminino,1977-08-17,2020-10-11,,Ativo,,6,4,67,10
300,MAT00300,Sra. Mirella Barbosa,Feminino,1982-06-10,2019-10-13,,Ativo,,5,5,50,7
301,MAT00301,Isabel da Luz,Masculino,1967-01-26,2021-10-17,,Ativo,,1,2,43,2
302,MAT00302,Fernanda Lima,Feminino,1999-09-22,2021-09-12,2024-02-10,Desligado,Voluntário,2,2,37,5
303,MAT00303,Yago Câmara,Masculino,1967-03-11,2025-05-13,,Ativo,,3,4,11,10
304,MAT00304,Clarice da Mata,Feminino,1996-06-10,2025-06-11,2025-12-01,Desligado,Voluntário,7,3,51,3
305,MAT00305,Brayan Araújo,Masculino,2000-05-18,2024-09-03,2025-06-12,Desligado,Voluntário,2,4,43,14
306,MAT00306,Leandro Peixoto,Feminino,1972-02-21,2019-06-08,2024-06-05,Desligado,Voluntário,5,5,66,6
307,MAT00307,Dra. Laura Macedo,Feminino,1982-05-06,2018-03-16,2020-11-07,Desligado,Voluntário,1,2,44,13
308,MAT00308,Ravi Lucca Sales,Masculino,1993-04-05,2023-06-15,,Ativo,,1,2,20,2
309,MAT00309,Nathan da Mata,Masculino,1999-09-25,2021-04-26,2024-08-03,Desligado,Voluntário,1,1,68,1
310,MAT00310,Ágatha Monteiro,Masculino,1984-10-05,2025-06-04,2025-11-17,Desligado,Voluntário,1,4,49,3
311,MAT00311,Anna Liz Peixoto,Feminino,1994-12-25,2019-10-27,,Ativo,,7,3,80,13
312,MAT00312,Pedro Sousa,Feminino,1977-01-14,2019-11-10,,Ativo,,6,2,47,11
313,MAT00313,Dr. Apollo Borges,Feminino,1977-10-10,2020-08-30,,Ativo,,6,4,58,4
314,MAT00314,Antônio Teixeira,Feminino,1990-05-26,2023-12-28,2025-07-20,Desligado,Voluntário,5,3,25,6
315,MAT00315,Juliana Oliveira,Feminino,1977-08-25,2024-05-25,,Ativo,,7,1,37,13
316,MAT00316,Erick Melo,Feminino,1973-09-14,2022-04-14,,Ativo,,1,3,21,14
317,MAT00317,Melina da Mota,Masculino,1967-03-28,2020-03-28,,Ativo,,4,5,33,1
318,MAT00318,Pedro Henrique Porto,Masculino,1975-06-18,2025-03-11,,Ativo,,8,5,14,12
319,MAT00319,Ayla Melo,Feminino,1998-05-03,2023-10-15,,Ativo,,1,1,21,5
320,MAT00320,Dr. Lucas Gabriel Duarte,Feminino,1973-03-27,2023-01-15,,Ativo,,7,3,56,2
321,MAT00321,Bella Castro,Feminino,1977-06-01,2020-06-28,,Ativo,,2,2,54,1
322,MAT00322,Dr. Thales da Paz,Masculino,1973-06-08,2022-06-12,,Ativo,,7,2,50,2
323,MAT00323,Maria Liz Teixeira,Feminino,1991-01-11,2022-03-16,,Ativo,,3,6,13,14
324,MAT00324,Ana Carolina Marques,Feminino,1984-03-05,2025-04-16,,Ativo,,2,2,5,5
325,MAT00325,Levi da Cunha,Feminino,1997-12-16,2023-04-20,,Ativo,,4,4,58,10
326,MAT00326,Sr. Nathan Moraes,Feminino,2000-01-09,2018-01-22,,Ativo,,5,7,28,14
327,MAT00327,Vitor Hugo Martins,Feminino,1970-12-20,2019-09-05,,Ativo,,8,2,68,7
328,MAT00328,Ana Júlia Correia,Feminino,1987-04-10,2019-04-01,,Ativo,,2,4,16,1
329,MAT00329,Maria Cecília Pinto,Masculino,1979-11-26,2020-09-03,2024-05-30,Desligado,Voluntário,2,2,59,2
330,MAT00330,Melina Teixeira,Masculino,1974-10-18,2019-03-31,,Ativo,,2,3,3,11
331,MAT00331,Gustavo da Mata,Feminino,1969-04-23,2023-10-12,,Ativo,,1,4,19,5
332,MAT00332,Caroline da Paz,Feminino,2005-10-12,2022-10-25,,Ativo,,1,1,31,10
333,MAT00333,Raquel Campos,Masculino,1994-11-22,2022-09-03,,Ativo,,6,4,11,9
334,MAT00334,Isaque Santos,Feminino,2001-09-18,2022-01-17,,Ativo,,5,4,65,13
335,MAT00335,Leonardo Novaes,Masculino,1970-01-13,2023-09-11,,Ativo,,5,5,61,1
336,MAT00336,Yuri Jesus,Feminino,1981-06-09,2025-02-16,,Ativo,,6,4,3,6
337,MAT00337,Henry Gabriel Camargo,Masculino,1983-04-24,2018-10-04,2020-03-01,Desligado,Voluntário,1,2,75,12
338,MAT00338,Bárbara Ramos,Masculino,1997-01-12,2021-09-23,,Ativo,,1,1,70,6
339,MAT00339,Theo Silva,Masculino,1994-11-15,2025-03-17,2025-12-10,Desligado,Voluntário,2,2,62,11
340,MAT00340,Thomas Santos,Masculino,1997-02-23,2020-01-17,,Ativo,,8,2,59,1
341,MAT00341,Oliver Mendes,Feminino,1993-01-26,2021-04-16,,Ativo,,7,2,26,15
342,MAT00342,Isabelly Marques,Masculino,1985-05-17,2018-06-21,2023-03-08,Desligado,Voluntário,5,3,70,8
343,MAT00343,Clara Gomes,Feminino,2003-11-07,2020-11-03,,Ativo,,1,3,37,6
344,MAT00344,Thomas Souza,Feminino,1984-05-04,2018-07-15,,Ativo,,5,5,48,7
345,MAT00345,Bernardo da Mota,Masculino,1977-07-11,2022-06-27,,Ativo,,5,6,24,8
346,MAT00346,Manuela Viana,Feminino,1982-09-09,2023-07-31,,Ativo,,3,4,11,12
347,MAT00347,Juliana Abreu,Masculino,2000-07-20,2022-10-05,,Ativo,,1,4,24,9
348,MAT00348,Kaique Pastor,Masculino,1985-02-03,2021-04-18,,Ativo,,1,3,42,11
349,MAT00349,Rebeca Cassiano,Feminino,1986-08-20,2021-04-25,,Ativo,,1,3,55,3
350,MAT00350,Zoe Mendes,Masculino,1983-08-02,2022-12-24,,Ativo,,8,4,46,10
351,MAT00351,Dr. Yuri Teixeira,Feminino,1988-11-26,2022-11-17,,Ativo,,4,5,8,2
352,MAT00352,Maria Flor Marques,Masculino,1980-06-17,2025-02-24,,Ativo,,2,3,21,1
353,MAT00353,Sr. Isaque Oliveira,Feminino,1967-11-26,2019-08-08,,Ativo,,6,4,57,1
354,MAT00354,Isabel Vasconcelos,Feminino,2001-04-25,2019-06-02,,Ativo,,4,2,47,6
355,MAT00355,Ana Clara Dias,Feminino,1969-01-20,2022-04-18,,Ativo,,2,3,20,11
356,MAT00356,Sra. Maria Helena Gomes,Feminino,1982-06-15,2023-01-17,,Ativo,,2,2,10,10
357,MAT00357,Clarice Monteiro,Feminino,1972-06-13,2019-07-18,,Ativo,,4,5,41,11
358,MAT00358,Davi Lucas Montenegro,Feminino,1990-02-01,2021-02-15,,Ativo,,2,4,24,8
359,MAT00359,Luísa Brito,Feminino,1981-09-04,2023-10-22,,Ativo,,1,2,34,13
360,MAT00360,Beatriz Moura,Masculino,1977-04-20,2020-12-02,,Ativo,,4,4,37,12
361,MAT00361,Alice Silveira,Feminino,1993-02-05,2023-07-05,,Ativo,,6,5,10,8
362,MAT00362,Nicolas Rezende,Masculino,1977-02-26,2019-12-09,,Ativo,,1,1,41,11
363,MAT00363,Breno Melo,Feminino,2001-09-18,2021-11-24,2023-10-09,Desligado,Involuntário,2,4,39,14
364,MAT00364,Lucca Pinto,Feminino,1994-06-17,2019-10-08,,Ativo,,1,2,29,2
365,MAT00365,Sra. Anna Liz Farias,Feminino,1997-04-26,2020-04-03,,Ativo,,2,3,64,1
366,MAT00366,Yasmin Garcia,Feminino,1970-10-12,2022-01-18,,Ativo,,4,5,60,13
367,MAT00367,Dr. Vitor Hugo Andrade,Feminino,1997-10-03,2024-03-09,,Ativo,,1,1,9,5
368,MAT00368,Ana Lívia da Costa,Feminino,1975-09-14,2022-06-19,2025-01-02,Desligado,Voluntário,3,5,74,2
369,MAT00369,Laura da Conceição,Feminino,1985-11-03,2019-05-29,,Ativo,,8,4,58,8
370,MAT00370,Srta. Maya Brito,Masculino,1983-03-27,2023-10-21,,Ativo,,1,3,71,11
371,MAT00371,Beatriz Macedo,Feminino,1994-03-14,2024-08-04,,Ativo,,6,6,65,15
372,MAT00372,Kaique Alves,Masculino,1998-09-05,2018-08-15,,Ativo,,4,4,39,3
373,MAT00373,Luan Vieira,Feminino,1985-12-08,2019-10-26,,Ativo,,2,1,45,9
374,MAT00374,Juan Fogaça,Feminino,2000-05-07,2021-03-09,,Ativo,,6,4,71,5
375,MAT00375,Dr. Diogo da Cruz,Feminino,1986-10-18,2019-05-28,,Ativo,,4,4,12,9
376,MAT00376,Maria Sophia Nunes,Feminino,1995-10-19,2025-03-10,,Ativo,,5,6,20,3
377,MAT00377,Emilly Cavalcante,Feminino,1967-06-27,2025-05-22,,Ativo,,1,3,73,1
378,MAT00378,Bruno Pimenta,Feminino,2000-01-21,2018-04-27,,Ativo,,2,2,74,5
379,MAT00379,Isabella Monteiro,Feminino,1992-10-14,2025-04-21,,Ativo,,8,2,80,11
380,MAT00380,Cecília da Conceição,Masculino,1974-11-18,2018-05-05,,Ativo,,3,5,38,11
381,MAT00381,Jade Marques,Feminino,1975-04-26,2021-05-22,,Ativo,,1,1,52,5
382,MAT00382,Anthony Martins,Feminino,2001-12-02,2023-02-01,2023-10-10,Desligado,Involuntário,2,1,57,7
383,MAT00383,Yago Castro,Feminino,1976-04-11,2023-06-07,,Ativo,,2,1,78,3
384,MAT00384,Pedro Miguel Ferreira,Feminino,1985-12-28,2021-07-04,,Ativo,,3,2,45,7
385,MAT00385,Letícia Porto,Feminino,1982-09-18,2019-06-20,,Ativo,,4,6,14,6
386,MAT00386,Isis Marques,Masculino,1976-02-09,2020-09-17,,Ativo,,2,2,58,4
387,MAT00387,Gael Henrique Gomes,Feminino,1999-01-10,2019-08-01,,Ativo,,5,5,50,14
388,MAT00388,Bianca da Costa,Feminino,1979-04-28,2024-11-25,,Ativo,,1,2,21,14
389,MAT00389,Maria Alice Oliveira,Feminino,1969-12-11,2021-09-03,,Ativo,,5,4,25,13
390,MAT00390,Juan Almeida,Masculino,1974-09-15,2019-10-15,,Ativo,,3,5,64,15
391,MAT00391,Maria Laura da Mota,Feminino,1974-01-03,2021-06-17,,Ativo,,6,7,51,9
392,MAT00392,Benicio Pereira,Feminino,1990-04-19,2023-02-16,,Ativo,,1,4,46,1
393,MAT00393,Sra. Laura Vasconcelos,Feminino,1987-08-20,2018-07-27,,Ativo,,7,2,61,5
394,MAT00394,Luiz Gustavo Câmara,Masculino,2005-02-14,2024-01-08,,Ativo,,5,3,18,15
395,MAT00395,Esther Pinto,Feminino,1982-07-12,2020-12-19,,Ativo,,5,3,6,7
396,MAT00396,Davi Miguel Pires,Feminino,1969-09-07,2018-07-29,,Ativo,,2,1,47,9
397,MAT00397,Asafe das Neves,Masculino,2001-07-17,2021-03-28,,Ativo,,2,2,58,13
398,MAT00398,Ana Beatriz Pacheco,Masculino,1988-10-22,2024-03-02,,Ativo,,3,7,79,2
399,MAT00399,Sr. Caleb da Rocha,Feminino,1999-07-12,2019-06-12,,Ativo,,7,1,44,9
400,MAT00400,Dr. Erick Costa,Masculino,1996-04-20,2022-02-06,,Ativo,,6,3,66,7
401,MAT00401,Vitor Hugo Fonseca,Feminino,2003-01-02,2023-08-11,,Ativo,,6,5,18,12
402,MAT00402,Sarah da Mata,Feminino,1975-09-15,2021-09-26,,Ativo,,3,2,20,10
403,MAT00403,José Miguel Mendes,Feminino,1997-06-20,2023-10-13,,Ativo,,8,4,41,3
404,MAT00404,Lucca Camargo,Masculino,1986-10-11,2022-05-29,,Ativo,,7,4,65,14
405,MAT00405,Ana Vitória Casa Grande,Feminino,1971-08-23,2023-09-19,,Ativo,,6,2,73,5
406,MAT00406,Miguel Novais,Feminino,2004-06-11,2023-04-30,2025-06-17,Desligado,Voluntário,1,2,15,7
407,MAT00407,Sr. Miguel Albuquerque,Feminino,1986-12-28,2024-07-18,,Ativo,,8,4,4,10
408,MAT00408,Vitor Gabriel Campos,Feminino,1989-11-26,2023-04-28,,Ativo,,2,2,75,10
409,MAT00409,Maria Eduarda Rocha,Masculino,2002-10-16,2020-07-21,,Ativo,,5,4,22,9
410,MAT00410,Dra. Julia Pacheco,Feminino,1981-03-27,2025-01-20,,Ativo,,1,1,32,1
411,MAT00411,Maria Fernanda Caldeira,Masculino,1998-04-01,2024-06-03,2025-04-14,Desligado,Involuntário,1,4,41,7
412,MAT00412,Isabel Melo,Feminino,1979-12-07,2019-09-13,2024-07-18,Desligado,Voluntário,2,1,65,13
413,MAT00413,Luan Pimenta,Masculino,1975-12-24,2024-11-09,,Ativo,,5,3,8,12
414,MAT00414,Benício Porto,Masculino,1972-04-18,2019-07-20,,Ativo,,6,4,42,11
415,MAT00415,Liz Rezende,Feminino,1972-07-11,2023-05-14,2024-02-05,Desligado,Involuntário,3,4,59,15
416,MAT00416,Bruna Carvalho,Masculino,1984-09-12,2023-12-24,,Ativo,,1,2,34,10
417,MAT00417,Arthur Miguel da Rosa,Feminino,1993-04-09,2023-06-07,2025-03-29,Desligado,Voluntário,5,6,39,4
418,MAT00418,Bruna Brito,Feminino,1987-12-07,2021-05-04,,Ativo,,1,2,63,6
419,MAT00419,Vitor Gabriel Carvalho,Masculino,1983-09-26,2023-05-20,2025-08-25,Desligado,Voluntário,3,3,36,5
420,MAT00420,Mirella Freitas,Feminino,1969-11-18,2019-05-15,,Ativo,,6,7,49,15
421,MAT00421,Ágatha Leão,Feminino,1983-03-10,2022-06-05,,Ativo,,4,4,6,5
422,MAT00422,Daniela Leão,Masculino,1983-08-21,2018-11-20,,Ativo,,3,2,33,12
423,MAT00423,Beatriz Mendonça,Feminino,1992-04-27,2023-05-17,,Ativo,,3,3,69,5
424,MAT00424,Maria Luísa da Mota,Masculino,1988-03-04,2024-04-21,,Ativo,,6,6,79,12
425,MAT00425,Léo Cunha,Feminino,1990-04-02,2024-07-31,,Ativo,,2,3,68,4
426,MAT00426,Melina da Costa,Feminino,1991-01-04,2025-02-26,,Ativo,,7,1,53,6
427,MAT00427,Sr. Léo Nogueira,Masculino,1999-11-25,2023-04-19,,Ativo,,4,5,18,1
428,MAT00428,Maria Alice Araújo,Feminino,1995-07-21,2024-03-04,,Ativo,,4,2,61,8
429,MAT00429,Kamilly Correia,Feminino,1993-05-11,2025-04-18,,Ativo,,5,5,37,11
430,MAT00430,Rafael Borges,Feminino,2000-11-19,2018-08-31,2021-07-07,Desligado,Voluntário,1,3,69,12
431,MAT00431,Hadassa Ramos,Feminino,1994-07-27,2018-06-02,,Ativo,,8,5,23,15
432,MAT00432,Alícia Aragão,Feminino,1980-08-06,2018-05-29,,Ativo,,2,3,38,15
433,MAT00433,Sr. Davi Lucas Viana,Masculino,2005-05-19,2018-06-03,,Ativo,,1,1,78,2
434,MAT00434,Gabrielly Azevedo,Feminino,1987-08-21,2021-10-04,2025-01-18,Desligado,Involuntário,2,1,68,8
435,MAT00435,Giovanna Pastor,Feminino,1973-08-09,2019-07-04,,Ativo,,6,4,25,13
436,MAT00436,Igor Farias,Masculino,1984-03-24,2019-04-07,,Ativo,,1,3,59,11
437,MAT00437,Alexandre da Mota,Masculino,1994-01-24,2020-11-19,,Ativo,,3,2,44,13
438,MAT00438,Davi Lucca Nogueira,Masculino,1969-11-25,2021-04-23,,Ativo,,2,4,25,3
439,MAT00439,Erick Camargo,Feminino,1980-07-17,2024-11-07,,Ativo,,5,6,42,2
440,MAT00440,Amanda Cardoso,Feminino,1999-03-05,2022-06-30,,Ativo,,2,4,62,6
441,MAT00441,Luiz Henrique Vieira,Masculino,2005-05-13,2020-10-13,,Ativo,,3,4,31,8
442,MAT00442,Lorenzo Almeida,Masculino,1984-05-19,2020-12-29,2025-04-17,Desligado,Involuntário,2,1,74,1
443,MAT00443,João Aragão,Masculino,1982-12-08,2020-12-07,,Ativo,,2,3,8,11
444,MAT00444,Otto Moura,Feminino,1976-05-06,2019-04-30,,Ativo,,7,2,52,11
445,MAT00445,Benício Melo,Masculino,1986-12-04,2023-08-21,,Ativo,,7,3,38,6
446,MAT00446,Maria Cecília Moraes,Masculino,1991-04-05,2024-11-22,,Ativo,,1,2,62,3
447,MAT00447,Bianca Machado,Masculino,1967-06-14,2023-02-07,2025-04-25,Desligado,Involuntário,1,1,71,15
448,MAT00448,Hellena Pimenta,Masculino,1971-11-27,2023-04-13,,Ativo,,1,2,28,13
449,MAT00449,Vicente da Rosa,Feminino,1967-02-17,2020-10-10,,Ativo,,4,4,58,9
450,MAT00450,Ana Araújo,Masculino,2001-10-04,2022-01-21,,Ativo,,4,5,8,14
451,MAT00451,Maria Liz Lima,Feminino,1973-04-19,2024-02-22,,Ativo,,6,2,69,3
452,MAT00452,Bianca Mendonça,Feminino,1985-09-15,2019-11-05,,Ativo,,2,3,15,11
453,MAT00453,Sra. Ana Sophia Barros,Feminino,1968-08-03,2020-04-21,,Ativo,,3,6,66,8
454,MAT00454,Sr. Benício Cardoso,Feminino,1976-03-17,2018-08-16,,Ativo,,5,5,54,8
455,MAT00455,Yan Silva,Feminino,2002-09-15,2024-04-28,2025-06-07,Desligado,Involuntário,6,4,3,7
456,MAT00456,Dr. Vinícius da Rocha,Feminino,2005-12-07,2020-11-08,,Ativo,,5,4,75,2
457,MAT00457,Sofia Pereira,Masculino,1978-06-23,2018-07-05,,Ativo,,2,1,9,9
458,MAT00458,Beatriz Vieira,Masculino,2001-08-02,2018-09-04,,Ativo,,8,3,37,7
459,MAT00459,Srta. Helena Lopes,Feminino,1997-11-24,2020-01-08,,Ativo,,7,2,54,6
460,MAT00460,Heloísa Jesus,Feminino,1977-07-13,2022-04-16,,Ativo,,5,3,11,11
461,MAT00461,Dr. Murilo Leão,Feminino,1971-03-21,2025-06-03,,Ativo,,6,2,45,2
462,MAT00462,Srta. Luara Lima,Feminino,1971-07-17,2020-01-02,,Ativo,,5,3,17,12
463,MAT00463,Dr. Marcelo Cassiano,Masculino,2005-01-10,2020-07-01,,Ativo,,4,4,60,11
464,MAT00464,Olívia Azevedo,Feminino,1978-09-13,2024-02-09,,Ativo,,2,3,30,4
465,MAT00465,Bryan Borges,Masculino,1983-03-09,2023-03-02,,Ativo,,1,2,25,15
466,MAT00466,Aylla Souza,Feminino,2003-11-14,2019-04-08,,Ativo,,6,4,79,13
467,MAT00467,Sra. Caroline Novais,Masculino,1990-04-03,2018-03-06,2019-07-22,Desligado,Voluntário,2,2,77,1
468,MAT00468,Lucas Rios,Masculino,1967-11-23,2023-01-03,,Ativo,,5,7,7,4
469,MAT00469,Noah Fogaça,Feminino,1980-08-08,2018-07-01,,Ativo,,3,4,70,4
470,MAT00470,Mariana Silveira,Feminino,1997-09-10,2018-08-20,,Ativo,,3,6,30,14
471,MAT00471,João Pedro Peixoto,Feminino,1985-10-20,2024-06-17,,Ativo,,4,2,42,4
472,MAT00472,Luiz Gustavo Caldeira,Feminino,1996-11-17,2021-05-21,,Ativo,,1,1,29,7
473,MAT00473,Sofia Cunha,Feminino,1988-01-18,2021-05-15,,Ativo,,3,3,76,15
474,MAT00474,Rodrigo Câmara,Feminino,1978-09-16,2019-12-19,,Ativo,,3,6,7,6
475,MAT00475,Luiz Fernando Novais,Feminino,1981-09-11,2025-03-20,,Ativo,,6,4,54,7
476,MAT00476,Sr. João Lucas Oliveira,Feminino,1986-07-06,2019-09-04,,Ativo,,1,3,69,8
477,MAT00477,Paulo Novais,Masculino,1991-05-28,2020-09-14,,Ativo,,5,6,19,13
478,MAT00478,Amanda Pereira,Masculino,2002-09-14,2023-03-12,,Ativo,,1,3,54,9
479,MAT00479,Juliana Alves,Feminino,1997-07-08,2023-12-11,,Ativo,,1,1,33,4
480,MAT00480,João Gabriel Sampaio,Feminino,2000-08-28,2021-09-14,,Ativo,,2,4,48,2
481,MAT00481,Lucca Ferreira,Feminino,1993-01-09,2024-01-03,,Ativo,,5,5,49,11
482,MAT00482,Fernando Casa Grande,Feminino,1967-01-28,2024-10-13,2025-02-17,Desligado,Involuntário,3,2,25,13
483,MAT00483,Maria Liz Azevedo,Masculino,1970-04-16,2024-08-03,,Ativo,,3,4,27,14
484,MAT00484,Arthur Borges,Feminino,1986-01-07,2021-09-25,,Ativo,,1,3,25,12
485,MAT00485,Dra. Helena Garcia,Feminino,1975-04-23,2019-04-26,,Ativo,,7,1,78,12
486,MAT00486,Mirella Fernandes,Masculino,1980-04-18,2020-04-17,,Ativo,,5,7,42,13
487,MAT00487,Léo das Neves,Masculino,1981-08-18,2021-03-05,,Ativo,,1,2,46,5
488,MAT00488,Sra. Antonella Aragão,Feminino,1982-09-16,2020-12-07,,Ativo,,4,3,60,2
489,MAT00489,Emanuel Sá,Feminino,1985-04-12,2023-04-08,,Ativo,,2,2,41,7
490,MAT00490,Ana Julia Rocha,Masculino,1969-04-24,2018-07-07,,Ativo,,3,2,19,1
491,MAT00491,João Gabriel Macedo,Feminino,1970-10-19,2020-12-04,,Ativo,,1,3,54,5
492,MAT00492,Mariana Mendonça,Masculino,1993-06-08,2019-09-17,2024-03-19,Desligado,Involuntário,3,4,73,14
493,MAT00493,Melina Leão,Masculino,1974-09-21,2020-10-03,,Ativo,,5,5,44,5
494,MAT00494,Henrique Sá,Masculino,1974-08-06,2023-06-25,,Ativo,,4,2,46,3
495,MAT00495,Bruna Ferreira,Feminino,1971-08-06,2019-07-28,,Ativo,,3,2,70,11
496,MAT00496,Brenda da Paz,Masculino,1972-01-27,2018-08-29,,Ativo,,2,1,10,14
497,MAT00497,Raquel Moura,Masculino,2002-01-14,2025-06-30,,Ativo,,3,3,18,14
498,MAT00498,Lorena Aparecida,Masculino,1991-02-23,2025-01-27,,Ativo,,7,1,20,1
499,MAT00499,Miguel Peixoto,Masculino,1973-08-12,2020-06-14,2021-01-13,Desligado,Voluntário,6,2,80,11
500,MAT00500,André Costela,Masculino,1975-11-16,2025-06-24,2025-09-24,Desligado,Involuntário,3,4,1,9
501,MAT00501,Heitor Vargas,Feminino,1979-01-01,2024-03-09,,Ativo,,2,3,68,12
502,MAT00502,José Miguel da Rocha,Feminino,1971-05-01,2021-01-30,,Ativo,,3,3,65,14
503,MAT00503,Sr. André Monteiro,Masculino,1994-02-04,2022-10-30,,Ativo,,4,5,68,3
504,MAT00504,Sra. Emanuella Cardoso,Masculino,1993-10-17,2020-09-14,,Ativo,,3,2,33,14
505,MAT00505,Yasmin Santos,Feminino,1988-07-03,2021-12-22,,Ativo,,2,4,48,7
506,MAT00506,Theodoro Novais,Feminino,1969-04-23,2023-02-24,,Ativo,,8,2,29,5
507,MAT00507,Maria Barbosa,Masculino,2003-02-13,2018-11-27,2023-05-28,Desligado,Voluntário,7,3,49,9
508,MAT00508,Ana Cecília Lopes,Feminino,2002-11-01,2023-05-04,,Ativo,,1,4,22,2
509,MAT00509,Raul Barbosa,Masculino,1978-11-26,2023-08-10,,Ativo,,8,4,43,10
510,MAT00510,Dr. Nathan Santos,Feminino,1972-01-08,2019-01-26,,Ativo,,4,2,28,15
511,MAT00511,Maria Vitória da Rocha,Feminino,1975-05-02,2024-05-10,,Ativo,,1,1,10,11
512,MAT00512,Nathan Almeida,Feminino,1971-10-22,2021-02-22,2021-07-29,Desligado,Involuntário,5,6,23,15
513,MAT00513,Sr. Raul Sales,Masculino,2004-04-19,2021-07-12,,Ativo,,7,3,19,13
514,MAT00514,Sr. Pedro Henrique Caldeira,Feminino,2001-05-06,2022-06-20,,Ativo,,2,2,73,4
515,MAT00515,Pedro Henrique Pastor,Feminino,1981-11-18,2024-05-10,,Ativo,,2,2,43,7
516,MAT00516,Valentina Barros,Feminino,2000-09-24,2019-07-28,,Ativo,,1,3,45,1
517,MAT00517,Luana Souza,Feminino,1978-04-27,2019-02-05,,Ativo,,2,1,10,6
518,MAT00518,Sr. Lucas Gabriel Vasconcelos,Feminino,1967-07-25,2024-10-14,,Ativo,,5,5,42,1
519,MAT00519,Breno Moraes,Masculino,1988-08-16,2025-02-10,,Ativo,,7,2,30,6
520,MAT00520,Bruna Moura,Masculino,1981-07-06,2024-03-15,,Ativo,,1,3,75,11
521,MAT00521,Evelyn Vasconcelos,Feminino,2000-10-10,2022-04-06,,Ativo,,1,1,32,12
522,MAT00522,Dr. Diogo da Costa,Masculino,2000-05-05,2018-10-29,,Ativo,,6,3,49,12
523,MAT00523,Diogo da Cunha,Feminino,1996-12-13,2025-02-09,,Ativo,,3,3,41,6
524,MAT00524,Erick Pereira,Masculino,2000-01-10,2019-03-13,,Ativo,,2,3,57,6
525,MAT00525,Breno Cavalcanti,Feminino,1999-03-03,2021-01-09,,Ativo,,6,5,24,7
526,MAT00526,Sabrina Martins,Feminino,1970-09-17,2023-01-13,,Ativo,,7,3,53,2
527,MAT00527,Melissa Rodrigues,Feminino,2000-06-18,2018-04-18,,Ativo,,3,4,12,10
528,MAT00528,Luna Pires,Feminino,1985-07-01,2024-09-15,2025-05-12,Desligado,Voluntário,2,4,53,7
529,MAT00529,Sr. Pedro Lucas Azevedo,Masculino,1970-04-19,2018-12-13,,Ativo,,5,7,67,3
530,MAT00530,Melina Pires,Masculino,1995-03-09,2022-04-09,,Ativo,,2,4,39,5
531,MAT00531,João Guilherme Pastor,Feminino,1996-02-06,2023-07-13,,Ativo,,1,4,56,5
532,MAT00532,Luiz Gustavo Montenegro,Feminino,1986-08-26,2022-09-21,,Ativo,,6,3,10,6
533,MAT00533,Leonardo Martins,Feminino,1990-12-21,2020-10-27,2023-11-06,Desligado,Voluntário,5,5,77,10
534,MAT00534,Ana Carolina Araújo,Feminino,1976-02-05,2020-03-11,,Ativo,,3,3,39,1
535,MAT00535,Dr. Breno Ramos,Masculino,1984-10-13,2022-06-09,2024-07-12,Desligado,Involuntário,2,3,57,6
536,MAT00536,Thiago Gomes,Feminino,1967-03-10,2022-10-30,,Ativo,,5,5,42,10
537,MAT00537,Ana Cecília Machado,Feminino,1975-06-06,2020-04-02,,Ativo,,1,1,51,6
538,MAT00538,Esther Duarte,Feminino,1974-10-26,2021-04-08,,Ativo,,4,8,32,6
539,MAT00539,Olívia Montenegro,Feminino,1988-07-12,2022-03-21,,Ativo,,1,3,15,15
540,MAT00540,Bento Machado,Masculino,1993-10-18,2024-04-28,,Ativo,,1,4,24,11
541,MAT00541,Luigi Silva,Feminino,2004-12-15,2024-03-03,,Ativo,,7,2,27,8
542,MAT00542,Thiago Ramos,Masculino,2001-07-22,2021-04-08,,Ativo,,2,2,64,3
543,MAT00543,Asafe da Cruz,Masculino,1986-04-09,2025-02-07,,Ativo,,7,2,20,12
544,MAT00544,Sra. Maysa Moura,Feminino,1981-02-15,2022-09-30,,Ativo,,4,5,77,8
545,MAT00545,Eduarda Fonseca,Masculino,1980-09-17,2024-07-12,,Ativo,,1,2,54,9
546,MAT00546,Dr. Mathias Jesus,Feminino,1982-12-26,2018-05-31,,Ativo,,8,4,69,10
547,MAT00547,Sr. Lucas Gabriel Azevedo,Feminino,2000-02-25,2025-02-26,,Ativo,,4,2,32,11
548,MAT00548,Sr. Matheus da Paz,Masculino,1983-03-21,2025-06-15,2025-11-30,Desligado,Voluntário,3,2,6,10
549,MAT00549,Dom Farias,Feminino,1980-06-26,2025-03-27,2025-10-13,Desligado,Voluntário,2,2,14,1
550,MAT00550,Diego Ferreira,Feminino,1989-04-17,2019-02-08,2025-03-02,Desligado,Voluntário,1,2,72,10
551,MAT00551,Matteo Cardoso,Masculino,1991-08-12,2024-06-14,,Ativo,,1,1,51,8
552,MAT00552,Antonella das Neves,Masculino,1973-03-12,2024-08-07,,Ativo,,4,4,4,8
553,MAT00553,Maria Flor Ramos,Feminino,1987-07-03,2019-03-05,,Ativo,,2,1,15,14
554,MAT00554,Sr. Vinicius Borges,Feminino,1983-05-11,2019-08-04,,Ativo,,2,2,59,13
555,MAT00555,Mariana Moraes,Feminino,1972-08-12,2020-04-27,2023-03-28,Desligado,Voluntário,5,7,13,8
556,MAT00556,Sr. Luiz Miguel das Neves,Masculino,1985-02-10,2023-01-28,,Ativo,,3,4,6,13
557,MAT00557,Heitor Fernandes,Masculino,2004-06-21,2019-04-17,,Ativo,,4,3,14,11
558,MAT00558,Evelyn Câmara,Feminino,1990-09-06,2019-11-05,,Ativo,,6,2,71,3
559,MAT00559,Eduardo Barbosa,Masculino,1970-07-15,2021-09-17,,Ativo,,2,1,30,13
560,MAT00560,Carlos Eduardo Montenegro,Feminino,1994-03-21,2022-07-18,,Ativo,,1,2,56,7
561,MAT00561,Valentina Andrade,Feminino,1993-08-19,2018-04-30,,Ativo,,1,2,55,7
562,MAT00562,Maitê Vargas,Masculino,1992-04-09,2018-01-19,,Ativo,,1,2,9,10
563,MAT00563,Caroline Peixoto,Feminino,1971-03-12,2019-02-21,,Ativo,,5,4,42,4
564,MAT00564,Daniela Castro,Masculino,1998-05-22,2023-02-18,,Ativo,,4,7,63,9
565,MAT00565,Enzo Silveira,Feminino,1985-10-13,2025-03-02,,Ativo,,5,3,79,7
566,MAT00566,Ana Clara Jesus,Feminino,1998-06-12,2024-08-01,2025-06-21,Desligado,Voluntário,3,2,80,3
567,MAT00567,Sr. Pedro Miguel Pimenta,Feminino,1968-02-22,2021-05-03,2022-05-02,Desligado,Voluntário,3,4,41,2
568,MAT00568,Pietro da Conceição,Masculino,1986-02-06,2020-09-04,,Ativo,,2,3,48,12
569,MAT00569,Isabella das Neves,Feminino,1973-07-14,2019-08-03,,Ativo,,5,5,77,3
570,MAT00570,Evelyn Freitas,Masculino,1981-07-06,2024-06-12,,Ativo,,2,3,63,11
571,MAT00571,Maysa Martins,Feminino,1994-09-06,2024-01-11,,Ativo,,6,6,63,5
572,MAT00572,Mateus Montenegro,Masculino,1994-06-27,2019-07-29,,Ativo,,2,2,58,10
573,MAT00573,Mariah Castro,Feminino,1983-01-16,2018-08-08,,Ativo,,5,5,18,4
574,MAT00574,Davi Miguel da Cunha,Feminino,1970-09-21,2022-04-22,,Ativo,,3,2,64,7
575,MAT00575,Rodrigo Freitas,Masculino,1979-12-27,2023-07-08,,Ativo,,1,1,57,8
576,MAT00576,Bella Silva,Feminino,2000-10-01,2019-11-17,,Ativo,,2,1,29,5
577,MAT00577,Camila da Paz,Feminino,1988-04-18,2018-05-14,,Ativo,,5,5,37,3
578,MAT00578,Enrico da Mata,Feminino,1969-12-25,2023-02-17,,Ativo,,8,4,64,9
579,MAT00579,Sophie Casa Grande,Masculino,1998-10-04,2023-09-24,,Ativo,,3,2,35,13
580,MAT00580,Ayla Câmara,Feminino,1982-09-27,2024-02-03,2024-06-14,Desligado,Voluntário,2,1,57,9
581,MAT00581,Marcela Alves,Feminino,1978-02-24,2020-06-14,,Ativo,,1,3,32,5
582,MAT00582,Ana Júlia Gonçalves,Feminino,1977-05-12,2018-05-13,,Ativo,,7,1,12,8
583,MAT00583,Maria Fernanda da Costa,Masculino,1990-04-26,2019-04-26,,Ativo,,7,3,76,12
584,MAT00584,Anna Liz Freitas,Feminino,1978-03-20,2021-12-07,,Ativo,,2,4,18,13
585,MAT00585,Arthur Dias,Feminino,1992-01-19,2020-04-26,2022-07-13,Desligado,Voluntário,2,2,69,5
586,MAT00586,Lucas Gabriel Vieira,Feminino,1971-03-11,2024-09-10,,Ativo,,6,6,38,5
587,MAT00587,Davi Miguel Andrade,Feminino,1988-09-22,2024-06-03,2025-10-23,Desligado,Voluntário,2,1,13,3
588,MAT00588,Ravy Sampaio,Masculino,2002-05-28,2022-08-13,,Ativo,,8,4,17,12
589,MAT00589,Ravy Machado,Feminino,1990-03-23,2019-06-28,,Ativo,,1,2,42,14
590,MAT00590,Alana Barros,Masculino,1980-08-05,2020-10-10,,Ativo,,3,8,74,11
591,MAT00591,José Miguel Cunha,Feminino,1979-07-15,2021-01-05,,Ativo,,4,4,10,11
592,MAT00592,Yan Siqueira,Feminino,1980-09-24,2019-01-17,,Ativo,,1,2,36,12
593,MAT00593,Vitória Lima,Feminino,1976-08-11,2022-02-20,,Ativo,,8,7,75,1
594,MAT00594,João Pedro da Costa,Feminino,1976-11-22,2019-01-17,,Ativo,,7,1,46,14
595,MAT00595,Davi Aragão,Masculino,1971-07-07,2018-09-17,,Ativo,,6,3,55,14
596,MAT00596,Otto Porto,Feminino,1974-05-11,2020-05-17,,Ativo,,1,2,37,6
597,MAT00597,Natália Azevedo,Feminino,1969-03-19,2024-02-20,,Ativo,,7,2,63,13
598,MAT00598,Theo Peixoto,Feminino,2002-01-04,2021-11-08,,Ativo,,1,3,59,1
599,MAT00599,Allana Pires,Masculino,1995-08-15,2019-05-24,,Ativo,,3,4,1,7
600,MAT00600,Isabella Silva,Feminino,1997-11-10,2020-04-08,,Ativo,,3,6,21,14
601,MAT00601,João Vitor Lima,Feminino,2000-11-12,2021-01-27,2022-09-21,Desligado,Involuntário,8,3,11,6
602,MAT00602,Luiz Gustavo da Costa,Feminino,1995-01-13,2025-06-14,2025-12-01,Desligado,Involuntário,7,4,40,12
603,MAT00603,Maria Vitória Cirino,Feminino,1978-11-03,2020-08-17,,Ativo,,3,4,13,1
604,MAT00604,Antonella Moura,Masculino,1975-02-05,2020-05-24,,Ativo,,3,5,76,4
605,MAT00605,Sr. Vinicius Nogueira,Masculino,1977-01-01,2023-10-29,,Ativo,,1,2,44,14
606,MAT00606,Sofia Novaes,Feminino,1978-12-05,2019-05-09,,Ativo,,2,1,62,2
607,MAT00607,Mathias Melo,Feminino,1981-02-24,2020-07-26,,Ativo,,8,5,14,2
608,MAT00608,Mathias Freitas,Masculino,1982-05-05,2021-07-07,,Ativo,,1,3,49,13
609,MAT00609,Antony Fogaça,Masculino,1996-02-17,2019-06-30,,Ativo,,1,3,73,1
610,MAT00610,Luiz Felipe da Costa,Feminino,1995-08-12,2024-11-04,,Ativo,,6,6,28,11
611,MAT00611,Dra. Bella Vargas,Feminino,1979-10-22,2019-09-13,,Ativo,,3,2,57,14
612,MAT00612,Lívia Carvalho,Masculino,2000-02-05,2020-06-08,2024-11-25,Desligado,Involuntário,1,2,16,10
613,MAT00613,Luiz Gustavo Nogueira,Feminino,1983-07-11,2022-04-22,,Ativo,,1,4,18,4
614,MAT00614,Sr. Ravi Sampaio,Masculino,2000-04-18,2021-02-08,,Ativo,,1,2,77,10
615,MAT00615,Emilly Carvalho,Feminino,1987-12-01,2024-10-24,,Ativo,,1,1,39,4
616,MAT00616,Raul Andrade,Masculino,1967-09-07,2023-10-22,,Ativo,,2,2,51,5
617,MAT00617,Guilherme Aparecida,Feminino,2002-04-16,2025-03-31,,Ativo,,3,7,50,2
618,MAT00618,Asafe Dias,Masculino,1974-11-20,2020-09-14,,Ativo,,2,3,10,9
619,MAT00619,Théo Gonçalves,Feminino,1982-06-05,2018-02-19,2022-09-20,Desligado,Involuntário,2,3,73,7
620,MAT00620,Olívia da Cunha,Feminino,1971-11-06,2022-02-05,,Ativo,,3,4,61,13
621,MAT00621,Gabriel da Paz,Masculino,2004-10-03,2018-10-26,,Ativo,,5,4,2,5
622,MAT00622,Sr. Lucas da Mata,Feminino,2003-01-26,2020-06-02,,Ativo,,6,4,51,9
623,MAT00623,Léo Lopes,Feminino,1973-07-14,2021-03-19,,Ativo,,6,3,52,2
624,MAT00624,Maysa Gomes,Feminino,1971-09-20,2025-03-08,2025-07-15,Desligado,Involuntário,1,3,36,2
625,MAT00625,Sr. Theo Sales,Masculino,2000-09-07,2021-06-23,2022-08-05,Desligado,Voluntário,1,2,69,6
626,MAT00626,Maria Eduarda Moreira,Masculino,1968-11-25,2022-05-20,2022-12-31,Desligado,Voluntário,1,3,40,12
627,MAT00627,Bryan Siqueira,Feminino,1990-01-08,2022-11-27,,Ativo,,2,1,12,15
628,MAT00628,Anna Liz Lopes,Masculino,1998-08-20,2022-11-15,,Ativo,,7,2,78,1
629,MAT00629,Emilly Nogueira,Masculino,1994-02-01,2021-06-20,,Ativo,,3,7,18,12
630,MAT00630,Lorenzo Caldeira,Feminino,1995-08-12,2018-02-16,,Ativo,,1,3,67,9
631,MAT00631,Luan Ribeiro,Masculino,1995-06-05,2020-11-27,2025-05-10,Desligado,Voluntário,4,5,35,12
632,MAT00632,Leandro Machado,Masculino,2004-06-26,2019-04-29,,Ativo,,5,7,55,5
633,MAT00633,Mariane Cavalcante,Masculino,2001-05-23,2023-11-16,2025-09-26,Desligado,Involuntário,5,4,10,8
634,MAT00634,Sra. Marcela Machado,Feminino,1973-06-02,2023-02-08,,Ativo,,1,2,64,14
635,MAT00635,Luiz Gustavo Pimenta,Feminino,1995-06-06,2024-05-10,,Ativo,,3,4,33,13
636,MAT00636,Kamilly Porto,Feminino,1969-11-24,2019-02-26,,Ativo,,2,1,15,4
637,MAT00637,Breno Rios,Masculino,2005-01-28,2023-09-16,,Ativo,,6,6,2,4
638,MAT00638,Maria Luiza Fonseca,Masculino,1975-06-13,2018-07-08,,Ativo,,3,6,20,3
639,MAT00639,Eduarda Alves,Masculino,1970-12-24,2018-05-25,,Ativo,,4,3,54,4
640,MAT00640,Pedro Lucas Andrade,Feminino,1990-07-24,2021-08-11,,Ativo,,5,4,41,5
641,MAT00641,Bernardo da Costa,Feminino,1969-06-04,2018-11-16,,Ativo,,5,4,65,11
642,MAT00642,Maria Clara Fonseca,Feminino,1994-04-26,2018-08-04,2024-08-14,Desligado,Voluntário,2,1,6,7
643,MAT00643,Ana Beatriz Pereira,Feminino,1976-05-25,2018-10-10,,Ativo,,6,2,40,6
644,MAT00644,Rael Freitas,Feminino,1970-08-01,2018-12-20,,Ativo,,1,1,48,4
645,MAT00645,Dr. Breno Oliveira,Feminino,1969-05-24,2021-04-09,,Ativo,,3,4,80,4
646,MAT00646,Vinícius Fonseca,Masculino,1982-10-16,2023-03-16,,Ativo,,3,7,26,12
647,MAT00647,Luara Rezende,Feminino,1990-03-01,2024-02-17,,Ativo,,2,3,53,1
648,MAT00648,Josué Camargo,Masculino,1971-06-21,2020-08-12,2025-07-26,Desligado,Involuntário,8,2,2,6
649,MAT00649,Francisco Monteiro,Masculino,1981-12-24,2018-01-06,2021-09-16,Desligado,Voluntário,1,2,14,4
650,MAT00650,Maria Julia Novais,Feminino,1990-07-16,2023-12-11,,Ativo,,3,3,8,3
651,MAT00651,João Vasconcelos,Masculino,2000-01-08,2021-02-20,,Ativo,,2,3,67,7
652,MAT00652,Pietro Cunha,Masculino,1976-12-03,2022-03-06,,Ativo,,1,4,75,2
653,MAT00653,Laura Sales,Feminino,1997-11-27,2023-09-02,,Ativo,,3,3,51,2
654,MAT00654,Gabriela Campos,Masculino,1969-01-14,2024-08-21,,Ativo,,2,1,17,4
655,MAT00655,Brayan Machado,Masculino,1989-06-26,2021-04-09,,Ativo,,3,2,51,12
656,MAT00656,Pedro Miguel Borges,Masculino,1985-08-09,2021-08-29,,Ativo,,6,8,30,2
657,MAT00657,Luiza Rios,Feminino,1997-10-04,2020-04-10,2021-05-23,Desligado,Voluntário,1,2,14,3
658,MAT00658,Sr. Yan Nogueira,Feminino,1976-06-14,2023-01-16,,Ativo,,4,5,16,9
659,MAT00659,Kaique Castro,Masculino,1992-08-10,2022-01-07,,Ativo,,6,4,60,5
660,MAT00660,Dra. Emanuella Vieira,Feminino,2000-03-26,2019-05-07,,Ativo,,2,2,39,14
661,MAT00661,Sr. Davi Costa,Feminino,2003-04-27,2024-10-07,,Ativo,,3,6,42,3
662,MAT00662,Isaac Vieira,Feminino,1990-06-13,2019-01-09,,Ativo,,1,1,66,1
663,MAT00663,Amanda Fonseca,Feminino,1989-03-01,2021-05-09,,Ativo,,1,4,52,14
664,MAT00664,Maria Eduarda Martins,Masculino,1970-12-18,2023-01-27,2024-01-07,Desligado,Voluntário,3,5,13,8
665,MAT00665,Caroline Pimenta,Feminino,1997-02-01,2019-02-22,,Ativo,,3,4,8,14
666,MAT00666,Benício das Neves,Masculino,1997-04-27,2020-06-29,2022-12-26,Desligado,Voluntário,1,2,48,11
667,MAT00667,Pietra Moura,Feminino,2000-10-19,2025-01-25,,Ativo,,8,5,34,15
668,MAT00668,Maria Luísa Oliveira,Masculino,2004-02-07,2018-11-04,,Ativo,,8,2,57,13
669,MAT00669,Davi Lucas Dias,Feminino,2000-06-04,2019-06-12,,Ativo,,5,7,6,8
670,MAT00670,Ana Sophia Machado,Masculino,1995-10-14,2018-07-27,2023-03-30,Desligado,Voluntário,3,4,64,1
671,MAT00671,Stella Ferreira,Masculino,1978-03-12,2022-04-17,,Ativo,,1,3,28,15
672,MAT00672,Yuri Porto,Masculino,1988-05-15,2020-02-06,,Ativo,,8,4,20,1
673,MAT00673,Emilly Vargas,Feminino,1990-11-10,2024-11-20,,Ativo,,1,2,64,7
674,MAT00674,Pedro Montenegro,Feminino,1975-01-03,2024-03-05,,Ativo,,5,5,36,7
675,MAT00675,Davi Moreira,Feminino,1979-04-21,2019-07-17,2025-09-06,Desligado,Voluntário,6,4,32,11
676,MAT00676,Kevin Cavalcante,Feminino,2004-07-26,2024-02-05,,Ativo,,7,1,46,8
677,MAT00677,Lorenzo Santos,Feminino,1974-06-19,2024-02-09,,Ativo,,2,3,65,6
678,MAT00678,Luiz Felipe Moreira,Masculino,1988-03-01,2022-05-10,,Ativo,,3,2,41,10
679,MAT00679,Bruno da Cunha,Masculino,2004-05-02,2020-06-16,,Ativo,,1,2,61,9
680,MAT00680,Yuri da Mota,Feminino,1968-04-06,2022-01-04,,Ativo,,8,2,13,4
681,MAT00681,Kevin Pimenta,Masculino,1990-05-18,2025-05-14,,Ativo,,2,3,8,13
682,MAT00682,Ayla Montenegro,Feminino,1969-07-12,2020-06-17,,Ativo,,4,3,23,3
683,MAT00683,Eloá Pastor,Feminino,1968-06-26,2020-08-26,,Ativo,,4,3,46,15
684,MAT00684,Daniela Cavalcante,Feminino,2004-12-23,2024-08-20,2025-05-17,Desligado,Voluntário,1,4,73,10
685,MAT00685,Maitê Nunes,Feminino,1969-04-27,2019-08-06,2025-05-12,Desligado,Involuntário,1,1,70,5
686,MAT00686,Arthur Barros,Masculino,1974-01-03,2019-12-21,,Ativo,,8,4,8,4
687,MAT00687,João Rezende,Feminino,1991-01-17,2024-09-30,,Ativo,,3,5,62,1
688,MAT00688,Oliver Pinto,Feminino,1993-03-11,2021-09-20,,Ativo,,7,4,23,15
689,MAT00689,Ana Monteiro,Feminino,2002-01-05,2021-08-18,,Ativo,,6,4,76,12
690,MAT00690,Ísis da Rocha,Masculino,1998-09-28,2019-08-04,,Ativo,,4,2,47,2
691,MAT00691,Liz Mendes,Feminino,1980-10-04,2022-03-11,2024-04-28,Desligado,Involuntário,1,1,39,6
692,MAT00692,Nathan da Rosa,Feminino,1995-12-14,2019-07-13,,Ativo,,3,6,63,11
693,MAT00693,Ana Sophia Sales,Feminino,1994-12-18,2021-07-23,,Ativo,,5,6,79,13
694,MAT00694,Emanuel Macedo,Feminino,1991-11-19,2022-01-01,,Ativo,,7,2,23,7
695,MAT00695,Rafaela Martins,Feminino,1987-03-06,2021-06-10,,Ativo,,1,1,1,12
696,MAT00696,Luigi Pereira,Feminino,1980-10-02,2024-06-04,2024-12-04,Desligado,Involuntário,3,4,78,6
697,MAT00697,Levi Silva,Feminino,1991-11-19,2024-11-09,,Ativo,,2,2,14,15
698,MAT00698,Dr. Murilo Cardoso,Masculino,1996-06-24,2023-07-26,,Ativo,,5,7,10,4
699,MAT00699,Sr. Liam da Costa,Feminino,1985-03-21,2021-11-21,,Ativo,,5,6,12,14
700,MAT00700,Camila da Mata,Feminino,1984-08-01,2025-03-02,,Ativo,,2,3,34,4
701,MAT00701,Isadora Casa Grande,Masculino,2001-06-09,2020-10-19,,Ativo,,2,4,14,12
702,MAT00702,Benicio da Rocha,Masculino,2002-07-15,2018-01-06,,Ativo,,5,4,54,3
703,MAT00703,Mariah da Cruz,Feminino,1974-07-12,2022-08-23,,Ativo,,1,2,70,7
704,MAT00704,Luan Oliveira,Feminino,1975-10-21,2019-02-20,,Ativo,,6,4,29,3
705,MAT00705,Sra. Esther Teixeira,Masculino,2001-01-10,2023-01-23,,Ativo,,2,3,3,6
706,MAT00706,Theo Moraes,Feminino,1999-02-11,2020-12-05,,Ativo,,5,3,22,15
707,MAT00707,Sara das Neves,Masculino,1995-12-03,2022-03-18,,Ativo,,2,4,71,15
708,MAT00708,Alícia Borges,Masculino,1984-10-20,2019-01-17,,Ativo,,5,5,62,12
709,MAT00709,Sofia Marques,Masculino,1978-11-06,2018-05-07,,Ativo,,5,6,78,15
710,MAT00710,Henrique Pacheco,Masculino,1995-01-04,2022-11-14,,Ativo,,1,2,43,4
711,MAT00711,Sr. Benicio da Paz,Feminino,1979-12-18,2020-02-18,,Ativo,,7,3,70,5
712,MAT00712,Olivia da Paz,Feminino,1987-05-08,2025-05-29,,Ativo,,8,4,13,1
713,MAT00713,Alexia Caldeira,Feminino,1969-09-27,2022-05-29,,Ativo,,6,5,63,3
714,MAT00714,Catarina da Luz,Masculino,1982-01-14,2018-08-12,,Ativo,,6,2,12,5
715,MAT00715,Sra. Maria Luiza Fonseca,Masculino,1967-08-07,2025-06-04,,Ativo,,3,3,13,1
716,MAT00716,Murilo Aragão,Masculino,1995-11-10,2020-04-27,2021-01-09,Desligado,Voluntário,4,7,61,14
717,MAT00717,Evelyn Fonseca,Feminino,1986-07-16,2019-04-19,,Ativo,,7,1,63,15
718,MAT00718,Laura Barbosa,Feminino,1989-02-21,2025-05-31,,Ativo,,2,1,70,7
719,MAT00719,Sofia Machado,Masculino,1982-07-12,2020-01-28,,Ativo,,2,2,24,8
720,MAT00720,Lara Pinto,Feminino,1989-08-15,2018-07-02,,Ativo,,6,3,34,4
721,MAT00721,Bárbara Cardoso,Feminino,1969-01-05,2021-01-05,2025-06-23,Desligado,Involuntário,6,7,13,2
722,MAT00722,Matteo Freitas,Feminino,1983-09-14,2025-06-29,,Ativo,,4,3,76,4
723,MAT00723,Dr. Diego Costa,Feminino,2002-07-27,2024-03-17,,Ativo,,4,3,67,7
724,MAT00724,Sophia Guerra,Feminino,1975-10-08,2024-01-03,,Ativo,,1,3,61,5
725,MAT00725,Ana Cecília Aparecida,Masculino,1980-12-02,2018-11-20,2024-10-05,Desligado,Voluntário,5,4,74,15
726,MAT00726,Davi Miguel Silva,Feminino,1969-11-20,2023-10-18,,Ativo,,5,5,19,2
727,MAT00727,Dr. Valentim Marques,Feminino,1994-03-07,2023-01-14,2025-07-19,Desligado,Voluntário,3,5,25,3
728,MAT00728,Théo Carvalho,Feminino,1978-02-22,2018-06-24,2023-08-10,Desligado,Voluntário,3,8,26,14
729,MAT00729,Dr. Enrico Gonçalves,Masculino,1996-10-09,2025-01-13,,Ativo,,8,2,41,15
730,MAT00730,Letícia Pastor,Feminino,2000-07-18,2018-10-02,,Ativo,,5,5,51,9
731,MAT00731,Dr. Kaique Melo,Feminino,1988-09-15,2021-08-28,,Ativo,,2,1,2,13
732,MAT00732,Léo Farias,Masculino,1968-09-26,2024-12-27,,Ativo,,2,3,54,2
733,MAT00733,Brenda Leão,Feminino,1996-03-19,2022-08-25,,Ativo,,1,1,76,10
734,MAT00734,Lorena Vieira,Masculino,1999-10-25,2019-02-15,,Ativo,,1,2,13,13
735,MAT00735,Dra. Amanda Peixoto,Feminino,1971-06-14,2021-03-17,,Ativo,,2,1,34,7
736,MAT00736,Julia Rezende,Feminino,1974-10-20,2025-05-06,,Ativo,,5,6,61,1
737,MAT00737,Heloísa Silveira,Masculino,1988-07-05,2019-12-07,,Ativo,,2,2,80,10
738,MAT00738,Rhavi Cavalcante,Masculino,2003-07-11,2022-07-04,,Ativo,,1,1,31,1
739,MAT00739,Maria Helena Casa Grande,Masculino,1988-06-01,2023-05-01,,Ativo,,7,1,44,14
740,MAT00740,Isabelly Andrade,Feminino,1986-05-27,2021-05-26,2024-05-26,Desligado,Voluntário,5,5,13,14
741,MAT00741,Brenda Correia,Masculino,1997-05-24,2020-07-22,,Ativo,,3,7,57,13
742,MAT00742,Pedro Lucas Dias,Feminino,1988-12-14,2021-08-07,,Ativo,,1,3,78,11
743,MAT00743,Clarice Jesus,Masculino,1993-08-07,2019-01-01,2023-10-24,Desligado,Involuntário,1,2,63,13
744,MAT00744,Srta. Maria Sophia Montenegro,Masculino,1982-01-17,2023-10-17,,Ativo,,3,3,21,2
745,MAT00745,Olivia Sousa,Masculino,1973-07-05,2021-06-28,,Ativo,,1,2,68,15
746,MAT00746,Srta. Cecilia Moreira,Masculino,2004-03-07,2024-05-18,2025-11-07,Desligado,Voluntário,2,3,26,14
747,MAT00747,Luan Ribeiro,Feminino,1990-01-15,2018-08-25,,Ativo,,5,3,7,15
748,MAT00748,Valentina Garcia,Masculino,1993-05-12,2022-01-16,2024-11-21,Desligado,Voluntário,2,1,65,7
749,MAT00749,Sr. Raul Nascimento,Masculino,1998-11-01,2025-02-15,2025-07-16,Desligado,Involuntário,4,5,48,8
750,MAT00750,Dr. João Pimenta,Feminino,1977-03-28,2024-08-30,,Ativo,,6,6,61,10
751,MAT00751,Evelyn da Cruz,Masculino,1983-06-06,2024-03-08,,Ativo,,1,3,34,12
752,MAT00752,Kaique Câmara,Masculino,1987-01-13,2019-01-06,,Ativo,,3,2,7,3
753,MAT00753,João Pedro Santos,Feminino,1992-04-21,2024-06-01,,Ativo,,4,4,29,11
754,MAT00754,Samuel Dias,Feminino,1988-11-14,2020-04-26,,Ativo,,7,3,66,1
755,MAT00755,Marcela Novais,Feminino,1975-03-21,2018-02-06,,Ativo,,4,3,23,10
756,MAT00756,Sra. Laura Campos,Feminino,1991-05-20,2018-02-04,,Ativo,,3,4,40,12
757,MAT00757,Ísis Garcia,Feminino,1988-07-13,2025-03-17,,Ativo,,6,3,45,8
758,MAT00758,Manuella Vargas,Masculino,1992-08-10,2020-10-29,2024-11-13,Desligado,Voluntário,2,2,67,14
759,MAT00759,João Vitor Aparecida,Masculino,1980-10-04,2024-12-29,,Ativo,,1,3,1,9
760,MAT00760,Bruno Ferreira,Feminino,1982-09-21,2025-06-06,2025-11-19,Desligado,Voluntário,2,1,78,5
761,MAT00761,Jade Souza,Masculino,1999-08-03,2021-05-07,,Ativo,,5,6,44,5
762,MAT00762,Hadassa Costa,Feminino,1985-05-09,2025-03-08,,Ativo,,1,2,39,4
763,MAT00763,Júlia Novais,Feminino,1972-04-02,2019-09-07,,Ativo,,3,4,77,7
764,MAT00764,Sra. Cecilia Caldeira,Masculino,1985-11-05,2025-05-29,,Ativo,,6,5,4,11
765,MAT00765,Isabella da Cruz,Feminino,1987-05-14,2023-07-31,,Ativo,,8,3,52,7
766,MAT00766,Vinícius Câmara,Feminino,1968-12-19,2018-05-25,2020-10-08,Desligado,Voluntário,8,6,44,12
767,MAT00767,Isabel Aragão,Masculino,1971-11-26,2020-06-29,,Ativo,,3,2,61,15
768,MAT00768,Noah Farias,Feminino,1973-05-28,2022-01-08,,Ativo,,6,6,22,14
769,MAT00769,Sra. Beatriz Rodrigues,Feminino,1970-03-10,2025-05-17,,Ativo,,4,2,13,8
770,MAT00770,André Novaes,Feminino,1989-12-26,2019-06-09,2025-12-13,Desligado,Voluntário,5,4,24,11
771,MAT00771,Nicolas Rezende,Feminino,2000-04-12,2021-10-06,,Ativo,,5,6,29,12
772,MAT00772,Pietra Rezende,Feminino,1979-06-12,2021-06-11,2023-02-24,Desligado,Involuntário,1,1,75,5
773,MAT00773,João Pedro Duarte,Feminino,1998-08-02,2023-03-15,,Ativo,,2,1,75,10
774,MAT00774,Bento Vargas,Feminino,2001-08-07,2024-12-17,2025-11-28,Desligado,Voluntário,4,3,16,14
775,MAT00775,Igor Nascimento,Feminino,1972-05-14,2022-04-13,,Ativo,,1,4,7,14
776,MAT00776,Dra. Ana Carolina Cavalcanti,Masculino,1997-04-11,2019-09-10,,Ativo,,3,4,53,10
777,MAT00777,Emanuelly Andrade,Feminino,1996-06-28,2023-02-18,,Ativo,,5,4,24,13
778,MAT00778,Sabrina Cirino,Feminino,1974-06-21,2018-11-28,,Ativo,,7,3,23,6
779,MAT00779,Sra. Ana Carolina Albuquerque,Feminino,2002-01-15,2025-02-11,,Ativo,,4,2,36,4
780,MAT00780,Cauê Farias,Masculino,1969-03-16,2019-11-22,,Ativo,,5,4,12,3
781,MAT00781,Rafael Ramos,Feminino,1978-11-14,2024-11-21,,Ativo,,1,2,52,7
782,MAT00782,Valentina Monteiro,Feminino,1981-01-02,2023-05-10,,Ativo,,6,2,69,4
783,MAT00783,Thiago Martins,Feminino,2005-06-25,2022-03-09,,Ativo,,4,5,68,4
784,MAT00784,Gael Camargo,Masculino,2005-11-24,2018-03-15,,Ativo,,5,5,32,4
785,MAT00785,Sr. Raul Ramos,Masculino,1986-03-04,2021-11-11,,Ativo,,7,2,50,9
786,MAT00786,Francisco Albuquerque,Masculino,1986-03-03,2024-08-08,,Ativo,,3,2,6,5
787,MAT00787,Sra. Laís Nunes,Masculino,1976-12-17,2021-04-06,,Ativo,,3,2,77,9
788,MAT00788,Evelyn Cavalcanti,Feminino,1978-11-05,2021-10-15,2023-12-15,Desligado,Involuntário,7,1,63,6
789,MAT00789,Maria Luiza Lima,Feminino,1995-07-01,2020-02-11,2022-12-02,Desligado,Voluntário,4,7,29,12
790,MAT00790,Lunna Borges,Masculino,1992-12-01,2019-06-22,,Ativo,,2,3,76,9
791,MAT00791,Aylla Cirino,Feminino,1998-06-23,2019-11-24,,Ativo,,4,3,5,7
792,MAT00792,Rhavi Duarte,Feminino,1989-09-20,2025-03-07,,Ativo,,2,1,7,10
793,MAT00793,André da Luz,Feminino,1999-11-27,2018-07-16,,Ativo,,5,5,3,1
794,MAT00794,Isabela Machado,Feminino,1979-08-13,2019-04-20,,Ativo,,1,3,16,9
795,MAT00795,Lucas da Rosa,Feminino,1975-12-05,2020-11-01,,Ativo,,6,5,27,12
796,MAT00796,Alexia da Luz,Masculino,2005-05-14,2025-01-25,,Ativo,,6,4,13,11
797,MAT00797,Maria Cecília Sales,Masculino,1988-10-20,2023-11-02,,Ativo,,6,4,18,7
798,MAT00798,Bento Rios,Feminino,1973-12-20,2019-03-06,,Ativo,,4,5,16,5
799,MAT00799,Ravi Lucca das Neves,Masculino,1999-08-07,2019-04-12,,Ativo,,7,3,78,4
800,MAT00800,Nathan Rodrigues,Feminino,1972-04-12,2020-12-13,,Ativo,,4,5,53,5
801,MAT00801,Luana Sales,Masculino,2003-09-16,2019-10-19,,Ativo,,4,2,27,12
802,MAT00802,Juan Freitas,Feminino,1984-04-01,2023-05-23,,Ativo,,2,1,2,11
803,MAT00803,Hellena Câmara,Feminino,1998-10-22,2018-12-31,,Ativo,,1,2,64,3
804,MAT00804,Rhavi Cassiano,Feminino,1973-02-24,2019-01-04,,Ativo,,1,1,13,15
805,MAT00805,Maria Fernanda Leão,Feminino,1991-08-10,2020-11-14,,Ativo,,6,5,34,8
806,MAT00806,Dra. Olivia Sá,Masculino,1999-03-28,2018-07-25,,Ativo,,5,4,6,14
807,MAT00807,Helena Teixeira,Feminino,1982-11-11,2021-04-05,2023-11-23,Desligado,Involuntário,2,2,15,2
808,MAT00808,Bruno Moura,Masculino,2005-03-22,2018-07-07,,Ativo,,4,3,22,6
809,MAT00809,Vitória Santos,Feminino,1977-10-09,2022-01-04,,Ativo,,6,5,12,6
810,MAT00810,Sr. Daniel Araújo,Feminino,1994-02-13,2021-11-04,,Ativo,,5,4,52,8
811,MAT00811,Sofia Costa,Feminino,1981-12-28,2021-01-18,,Ativo,,2,1,62,13
812,MAT00812,Zoe Cassiano,Feminino,1995-02-05,2022-09-24,,Ativo,,4,2,8,14
813,MAT00813,Luan Moreira,Masculino,1999-07-19,2019-10-15,,Ativo,,7,4,62,13
814,MAT00814,Bruna Rodrigues,Feminino,1977-03-20,2024-05-19,,Ativo,,8,6,49,13
815,MAT00815,Samuel Borges,Feminino,2004-11-27,2022-01-08,2022-12-31,Desligado,Involuntário,4,2,62,15
816,MAT00816,Melissa Araújo,Masculino,1998-07-15,2023-06-23,,Ativo,,5,6,6,2
817,MAT00817,Caroline Moraes,Feminino,1985-01-23,2020-12-07,,Ativo,,2,1,68,13
818,MAT00818,Mirella Nunes,Feminino,1969-04-22,2024-06-19,,Ativo,,1,2,44,9
819,MAT00819,Ravi Rocha,Feminino,1999-07-22,2023-11-13,,Ativo,,2,3,32,8
820,MAT00820,Antônio Gonçalves,Feminino,1981-03-27,2021-11-17,,Ativo,,6,4,72,15
821,MAT00821,Alexandre Souza,Masculino,2002-01-21,2024-11-15,,Ativo,,6,4,21,9
822,MAT00822,Brayan Aparecida,Masculino,1974-03-03,2023-04-07,,Ativo,,7,2,63,6
823,MAT00823,Manuella Sampaio,Feminino,1984-05-02,2020-09-13,,Ativo,,5,5,65,4
824,MAT00824,Vitor Hugo Araújo,Masculino,1981-07-27,2024-03-04,,Ativo,,2,2,31,2
825,MAT00825,Ravy Andrade,Masculino,1977-10-15,2023-02-24,2023-08-23,Desligado,Involuntário,2,2,64,8
826,MAT00826,Nicolas Cirino,Masculino,1998-08-24,2021-07-18,,Ativo,,5,6,3,2
827,MAT00827,Otto Freitas,Masculino,1979-01-18,2022-07-11,,Ativo,,1,2,71,1
828,MAT00828,Melissa Garcia,Masculino,1967-10-21,2019-01-08,2022-09-06,Desligado,Voluntário,2,4,66,9
829,MAT00829,Anna Liz Rodrigues,Feminino,1976-06-12,2020-04-27,,Ativo,,5,5,7,14
830,MAT00830,Ágatha Carvalho,Masculino,1976-06-18,2020-07-02,,Ativo,,4,4,80,10
831,MAT00831,Marcela Campos,Feminino,1982-12-15,2023-04-22,,Ativo,,3,5,15,2
832,MAT00832,Vitor Gabriel Gonçalves,Masculino,1991-01-11,2025-05-22,,Ativo,,1,3,46,14
833,MAT00833,Carolina Siqueira,Feminino,1987-09-17,2025-02-08,,Ativo,,6,6,48,12
834,MAT00834,Alexandre Sá,Feminino,2003-03-16,2019-03-12,2021-01-05,Desligado,Voluntário,3,4,53,2
835,MAT00835,Kaique Martins,Feminino,1993-04-04,2020-11-07,,Ativo,,7,2,51,4
836,MAT00836,Ísis Lima,Feminino,1993-12-11,2023-02-16,,Ativo,,1,1,14,13
837,MAT00837,Maria Helena da Conceição,Masculino,2003-11-27,2022-08-25,,Ativo,,4,6,76,2
838,MAT00838,Raul Ferreira,Feminino,1976-11-19,2023-01-20,,Ativo,,1,4,65,3
839,MAT00839,João Guilherme Correia,Masculino,2005-09-24,2023-08-06,,Ativo,,5,4,7,9
840,MAT00840,Srta. Ana Beatriz Ribeiro,Masculino,1968-08-17,2022-11-08,,Ativo,,1,4,23,12
841,MAT00841,Allana da Costa,Feminino,1994-12-27,2024-06-27,2024-11-29,Desligado,Voluntário,3,6,14,7
842,MAT00842,Bernardo Brito,Masculino,1967-10-11,2025-05-17,,Ativo,,8,6,65,15
843,MAT00843,Ana Beatriz Machado,Feminino,1979-10-23,2022-04-25,2023-12-14,Desligado,Voluntário,1,2,36,7
844,MAT00844,Ana Julia da Cruz,Feminino,1987-08-26,2021-11-05,2022-11-03,Desligado,Voluntário,3,3,18,7
845,MAT00845,Srta. Maria Liz Macedo,Feminino,1973-05-27,2024-10-03,,Ativo,,8,5,71,14
846,MAT00846,Vitor Hugo Cunha,Feminino,1970-11-07,2021-07-09,,Ativo,,2,3,26,4
847,MAT00847,Davi Miguel Montenegro,Feminino,1987-11-12,2024-12-31,,Ativo,,2,1,17,12
848,MAT00848,Igor Siqueira,Masculino,1994-09-18,2025-04-16,,Ativo,,5,3,42,12
849,MAT00849,Luiza Oliveira,Feminino,1983-09-16,2019-04-18,,Ativo,,1,2,75,10
850,MAT00850,Luna da Costa,Feminino,1979-11-24,2025-06-25,,Ativo,,1,2,69,5
851,MAT00851,Diego Ribeiro,Feminino,2005-09-04,2022-09-27,,Ativo,,6,2,4,7
852,MAT00852,Hellena Jesus,Feminino,2002-11-02,2019-08-19,,Ativo,,1,3,26,5
853,MAT00853,João Guilherme Araújo,Masculino,1987-11-09,2019-10-22,,Ativo,,1,2,19,14
854,MAT00854,Emanuella Pires,Masculino,1987-04-25,2018-09-12,,Ativo,,1,2,70,1
855,MAT00855,Mariane Novais,Masculino,1977-02-20,2022-01-09,,Ativo,,4,5,72,14
856,MAT00856,Ana Julia Ferreira,Masculino,1970-07-08,2020-07-07,,Ativo,,2,2,66,13
857,MAT00857,Maria Helena Viana,Masculino,2002-07-13,2021-03-24,2023-10-23,Desligado,Voluntário,7,2,41,9
858,MAT00858,Luiza Sampaio,Feminino,2005-12-09,2018-08-09,,Ativo,,3,4,26,10
859,MAT00859,Maria Luísa Cassiano,Feminino,1991-11-23,2022-12-20,,Ativo,,7,2,48,13
860,MAT00860,Marcos Vinicius Cirino,Masculino,1971-12-20,2024-08-07,,Ativo,,6,2,26,13
861,MAT00861,Olívia da Costa,Feminino,1987-08-06,2020-03-03,,Ativo,,1,2,10,3
862,MAT00862,Kaique Santos,Feminino,1973-02-13,2019-12-13,,Ativo,,5,4,6,7
863,MAT00863,Ravi Araújo,Feminino,1970-05-05,2021-02-17,,Ativo,,5,3,21,10
864,MAT00864,Maria Sophia Leão,Feminino,2005-06-15,2020-11-10,2025-01-31,Desligado,Involuntário,2,1,20,1
865,MAT00865,Vitória Carvalho,Feminino,1985-10-02,2019-09-22,,Ativo,,7,4,79,14
866,MAT00866,Isabelly da Cunha,Feminino,1986-08-26,2025-06-04,,Ativo,,2,3,74,9
867,MAT00867,Lucas Ramos,Feminino,2001-12-11,2022-01-06,,Ativo,,4,6,68,4
868,MAT00868,Rael Freitas,Masculino,1972-02-26,2020-01-24,,Ativo,,5,4,65,3
869,MAT00869,Vitor Gabriel Silveira,Masculino,1971-09-13,2022-08-31,2023-06-05,Desligado,Involuntário,2,2,45,4
870,MAT00870,Benjamim da Mata,Feminino,1984-06-12,2020-05-23,,Ativo,,4,5,38,4
871,MAT00871,Ana Cecília Barbosa,Masculino,1972-08-18,2024-12-07,,Ativo,,2,1,2,2
872,MAT00872,Henrique Mendes,Masculino,1977-04-21,2021-11-18,2025-07-26,Desligado,Voluntário,1,2,80,4
873,MAT00873,Lucas Gabriel da Rosa,Feminino,1985-07-26,2018-06-13,,Ativo,,3,4,15,7
874,MAT00874,Heitor Correia,Masculino,1971-12-10,2020-11-16,,Ativo,,3,4,4,15
875,MAT00875,Srta. Pietra da Cruz,Feminino,1982-09-26,2023-10-19,,Ativo,,6,3,66,8
876,MAT00876,Dra. Gabrielly Gonçalves,Feminino,2003-05-21,2023-06-17,,Ativo,,1,1,25,6
877,MAT00877,Yuri Duarte,Feminino,2000-02-06,2023-10-06,,Ativo,,4,7,69,9
878,MAT00878,Mateus Martins,Feminino,2001-04-22,2018-01-31,,Ativo,,1,1,28,14
879,MAT00879,Maria Alice das Neves,Feminino,1999-04-18,2022-10-04,2025-06-11,Desligado,Voluntário,6,2,10,12
880,MAT00880,Luiz Miguel Moraes,Feminino,2004-08-23,2019-09-22,2023-09-09,Desligado,Voluntário,1,3,5,2
881,MAT00881,Nina Brito,Feminino,2002-03-26,2018-10-28,,Ativo,,1,2,33,9
882,MAT00882,Sra. Luiza Costela,Feminino,1969-04-09,2018-10-16,,Ativo,,5,3,53,7
883,MAT00883,Dr. Noah Aparecida,Feminino,1980-07-11,2023-01-22,,Ativo,,5,5,3,7
884,MAT00884,Hellena Sousa,Feminino,1971-01-21,2019-04-30,,Ativo,,1,1,80,2
885,MAT00885,Antony da Luz,Feminino,2003-12-28,2024-07-26,,Ativo,,6,3,10,6
886,MAT00886,Maria Vitória da Rocha,Feminino,1999-05-26,2023-08-22,,Ativo,,8,5,39,10
887,MAT00887,Gael Henrique Farias,Masculino,1987-08-13,2018-12-21,,Ativo,,4,5,51,14
888,MAT00888,Mateus Nunes,Feminino,2004-08-06,2025-05-30,,Ativo,,8,6,69,4
889,MAT00889,Theo Novaes,Masculino,1980-09-10,2019-07-13,2021-05-23,Desligado,Involuntário,2,4,39,11
890,MAT00890,Maitê da Cunha,Feminino,1982-01-18,2025-04-07,,Ativo,,4,8,72,3
891,MAT00891,Rebeca Marques,Feminino,2003-01-19,2019-05-20,,Ativo,,1,2,77,7
892,MAT00892,Luiz Gustavo Cavalcante,Feminino,1970-02-10,2024-01-10,,Ativo,,6,7,27,12
893,MAT00893,Yago Mendonça,Masculino,1992-07-21,2021-11-09,2024-12-22,Desligado,Voluntário,7,1,19,3
894,MAT00894,Vitor Hugo Ramos,Feminino,1991-10-27,2020-01-24,,Ativo,,1,4,33,4
895,MAT00895,Vinicius Andrade,Masculino,1994-11-26,2019-04-15,,Ativo,,2,2,73,14
896,MAT00896,Benicio Teixeira,Masculino,1970-08-21,2018-08-11,,Ativo,,5,5,71,2
897,MAT00897,Noah Carvalho,Masculino,2001-05-04,2021-04-05,2022-08-12,Desligado,Voluntário,5,3,75,8
898,MAT00898,Isabel Azevedo,Masculino,1983-03-22,2021-09-17,,Ativo,,3,4,31,2
899,MAT00899,Srta. Alexia Cunha,Feminino,2001-04-11,2021-03-13,,Ativo,,7,2,63,8
900,MAT00900,Mirella Freitas,Feminino,1986-12-19,2021-09-06,,Ativo,,1,1,20,10
901,MAT00901,Rodrigo Ribeiro,Feminino,1982-06-14,2024-05-10,,Ativo,,6,2,22,1
902,MAT00902,Allana Abreu,Masculino,1990-04-23,2021-07-06,,Ativo,,2,2,56,5
903,MAT00903,Maria Sophia Albuquerque,Masculino,1997-11-24,2022-01-12,2024-02-20,Desligado,Voluntário,3,2,62,8
904,MAT00904,Vinícius Silveira,Masculino,1983-05-16,2022-12-30,,Ativo,,2,3,71,2
905,MAT00905,Vitor Gabriel da Paz,Masculino,1967-02-27,2019-12-21,,Ativo,,6,4,36,14
906,MAT00906,Theodoro Sampaio,Masculino,1971-04-09,2019-07-28,2020-09-03,Desligado,Involuntário,2,2,10,15
907,MAT00907,Marina Cavalcanti,Feminino,1973-11-01,2018-03-18,,Ativo,,1,2,75,10
908,MAT00908,Calebe Moura,Masculino,1968-04-02,2022-07-18,2025-11-18,Desligado,Voluntário,8,3,34,9
909,MAT00909,Isaque Correia,Feminino,1975-11-25,2024-01-20,,Ativo,,1,3,20,6
910,MAT00910,Valentina da Cunha,Masculino,1991-10-24,2022-05-27,,Ativo,,1,2,38,3
911,MAT00911,Dr. Miguel Barros,Masculino,1973-09-03,2023-03-19,,Ativo,,6,8,51,6
912,MAT00912,Dr. Raul Nunes,Masculino,2005-11-08,2023-08-19,2025-08-06,Desligado,Voluntário,3,3,22,13
913,MAT00913,Henry Gabriel da Rosa,Feminino,1997-08-06,2023-10-07,,Ativo,,3,3,23,10
914,MAT00914,Anna Liz Rezende,Masculino,1996-12-24,2024-05-06,,Ativo,,4,3,62,6
915,MAT00915,Ana Beatriz Borges,Masculino,1991-08-08,2018-06-15,,Ativo,,3,3,9,5
916,MAT00916,Maria Helena Garcia,Feminino,1991-01-22,2022-02-22,2023-07-20,Desligado,Voluntário,2,1,67,15
917,MAT00917,Olívia Araújo,Masculino,1981-08-15,2022-01-19,,Ativo,,7,1,6,1
918,MAT00918,Alexia Sampaio,Feminino,1985-02-23,2025-04-10,,Ativo,,6,3,67,11
919,MAT00919,Bryan Monteiro,Masculino,1989-10-18,2021-01-25,,Ativo,,7,1,73,3
920,MAT00920,Luísa Nunes,Feminino,1981-06-19,2022-03-23,,Ativo,,3,2,10,9
921,MAT00921,Vinícius Aparecida,Feminino,1981-04-17,2020-10-27,,Ativo,,1,3,52,6
922,MAT00922,Heitor Sales,Feminino,1974-08-20,2021-11-14,,Ativo,,5,3,1,9
923,MAT00923,Olívia da Mata,Feminino,1977-03-08,2019-07-24,,Ativo,,4,7,10,9
924,MAT00924,Breno Rodrigues,Masculino,1988-04-05,2025-03-20,,Ativo,,2,2,24,3
925,MAT00925,Yago Nunes,Feminino,1967-12-27,2022-01-23,,Ativo,,6,4,16,11
926,MAT00926,Ana Beatriz Cavalcanti,Masculino,1979-06-24,2020-08-01,,Ativo,,1,2,15,8
927,MAT00927,Sr. Gustavo Henrique Pastor,Feminino,1975-04-19,2023-05-16,,Ativo,,5,3,21,11
928,MAT00928,Miguel Barbosa,Feminino,2004-04-02,2022-08-11,2023-07-28,Desligado,Voluntário,1,3,74,10
929,MAT00929,Enrico Nunes,Feminino,1997-11-17,2019-10-22,,Ativo,,7,2,6,15
930,MAT00930,Mathias Rocha,Masculino,1996-01-06,2024-06-02,,Ativo,,5,7,34,15
931,MAT00931,Luísa Gomes,Masculino,1972-07-20,2020-01-08,,Ativo,,7,4,73,11
932,MAT00932,Srta. Anna Liz Montenegro,Masculino,1987-02-07,2018-03-18,,Ativo,,3,5,58,10
933,MAT00933,Sra. Ana Júlia Brito,Feminino,1975-03-08,2023-04-15,,Ativo,,3,5,53,10
934,MAT00934,Isabel Barbosa,Feminino,1968-03-20,2019-08-08,,Ativo,,6,4,66,5
935,MAT00935,Dr. Luan Alves,Masculino,1984-08-20,2019-11-18,,Ativo,,2,4,76,2
936,MAT00936,Júlia Viana,Feminino,1981-07-05,2020-07-30,,Ativo,,3,4,14,1
937,MAT00937,Rebeca da Conceição,Feminino,1972-09-22,2020-04-08,,Ativo,,2,1,54,14
938,MAT00938,Dr. Pedro Cirino,Masculino,1967-02-06,2019-09-05,,Ativo,,8,7,61,15
939,MAT00939,Maria Helena Barros,Masculino,1967-01-26,2024-11-23,,Ativo,,2,3,69,9
940,MAT00940,Laís da Cruz,Masculino,2000-08-22,2019-04-27,,Ativo,,3,5,17,15
941,MAT00941,Srta. Antonella da Mata,Masculino,1971-01-25,2024-10-07,,Ativo,,1,3,56,9
942,MAT00942,Mateus Silva,Feminino,1982-01-23,2022-09-20,2025-12-08,Desligado,Voluntário,1,4,55,4
943,MAT00943,Daniela Sousa,Feminino,1981-06-19,2023-05-29,,Ativo,,2,2,74,2
944,MAT00944,Luiza Fonseca,Masculino,1997-05-16,2022-10-09,,Ativo,,1,2,30,15
945,MAT00945,Caleb Abreu,Masculino,1987-10-18,2018-12-10,2023-10-08,Desligado,Voluntário,1,2,33,4
946,MAT00946,Pedro Miguel Fonseca,Feminino,2005-10-17,2018-01-23,,Ativo,,4,2,16,9
947,MAT00947,Cauã Cardoso,Feminino,1981-11-07,2018-01-30,,Ativo,,6,8,41,7
948,MAT00948,Francisco Lopes,Feminino,1999-03-14,2022-01-23,,Ativo,,7,4,75,5
949,MAT00949,Sophie Jesus,Feminino,1971-07-19,2020-12-06,,Ativo,,1,2,47,10
950,MAT00950,Apollo Borges,Feminino,1980-04-14,2021-02-02,,Ativo,,4,2,71,13
951,MAT00951,Sr. Luan Gomes,Masculino,1975-03-12,2024-04-02,,Ativo,,1,2,72,9
952,MAT00952,João Vitor Jesus,Feminino,1989-05-19,2023-06-05,,Ativo,,4,3,45,13
953,MAT00953,Antonella Silveira,Feminino,1997-11-04,2022-06-19,,Ativo,,7,2,30,8
954,MAT00954,Isabelly Oliveira,Feminino,1999-04-17,2019-10-25,,Ativo,,3,6,52,13
955,MAT00955,Eloá Rodrigues,Feminino,1970-10-23,2021-10-18,,Ativo,,2,3,7,3
956,MAT00956,Eloá Carvalho,Feminino,2005-02-27,2022-05-13,,Ativo,,3,3,19,8
957,MAT00957,Kevin da Mata,Feminino,1978-02-03,2024-09-24,2025-05-06,Desligado,Voluntário,1,3,29,6
958,MAT00958,Clara Azevedo,Feminino,1967-01-24,2018-11-24,,Ativo,,2,2,50,15
959,MAT00959,Pedro Henrique da Mota,Feminino,1972-05-23,2022-06-30,,Ativo,,4,6,77,1
960,MAT00960,Letícia Mendes,Feminino,1974-08-01,2019-12-19,,Ativo,,1,2,26,14
961,MAT00961,Luiz Miguel da Cunha,Masculino,1972-05-07,2025-05-14,2025-08-20,Desligado,Voluntário,5,3,77,9
962,MAT00962,Thales Peixoto,Masculino,1991-10-06,2023-10-14,,Ativo,,1,3,5,6
963,MAT00963,Fernanda Marques,Feminino,2005-03-03,2020-09-06,,Ativo,,7,2,36,13
964,MAT00964,Davi Luiz da Rosa,Masculino,1983-11-13,2022-06-25,,Ativo,,2,3,52,10
965,MAT00965,Miguel Farias,Masculino,1972-01-24,2020-03-31,,Ativo,,6,3,9,15
966,MAT00966,Maria Helena Farias,Feminino,1970-05-24,2019-01-05,,Ativo,,2,3,72,15
967,MAT00967,Lívia Lopes,Masculino,1983-06-27,2024-07-15,,Ativo,,8,2,36,4
968,MAT00968,Catarina da Rosa,Masculino,1993-08-13,2024-10-19,,Ativo,,6,5,74,1
969,MAT00969,Sr. Rhavi Dias,Feminino,1994-07-17,2020-12-05,,Ativo,,2,2,14,9
970,MAT00970,Miguel Dias,Masculino,1973-05-11,2018-10-24,,Ativo,,3,3,15,13
971,MAT00971,Samuel Oliveira,Masculino,1989-09-27,2023-10-04,,Ativo,,1,4,74,5
972,MAT00972,Luan Garcia,Feminino,1981-10-16,2022-12-19,2025-05-15,Desligado,Involuntário,4,5,32,13
973,MAT00973,Matteo Fonseca,Feminino,1976-11-15,2021-10-23,,Ativo,,7,4,76,14
974,MAT00974,Guilherme Pastor,Feminino,1975-02-09,2018-04-23,,Ativo,,6,3,9,7
975,MAT00975,Emilly Rodrigues,Masculino,1991-11-23,2025-02-08,,Ativo,,1,4,30,13
976,MAT00976,Amanda Siqueira,Masculino,1979-06-17,2021-07-17,,Ativo,,2,3,69,1
977,MAT00977,Giovanna Macedo,Feminino,1990-05-03,2020-12-14,,Ativo,,5,5,52,11
978,MAT00978,Bernardo Vieira,Feminino,2001-09-06,2021-11-01,,Ativo,,6,3,61,6
979,MAT00979,Sara Carvalho,Feminino,1992-10-09,2021-12-19,,Ativo,,4,5,24,12
980,MAT00980,Liz da Costa,Feminino,1974-12-07,2020-02-18,,Ativo,,1,3,31,12
981,MAT00981,Eduardo Silva,Masculino,1989-04-08,2020-09-18,,Ativo,,5,4,26,14
982,MAT00982,Maria Flor Barbosa,Feminino,1983-03-25,2020-10-19,2021-08-23,Desligado,Voluntário,2,2,16,15
983,MAT00983,Pietra Pacheco,Feminino,1974-10-01,2018-11-18,,Ativo,,1,3,70,1
984,MAT00984,Yasmin Montenegro,Masculino,1982-10-11,2023-05-30,,Ativo,,1,2,64,15
985,MAT00985,Sra. Ísis Andrade,Feminino,1988-08-06,2024-06-11,,Ativo,,1,4,66,5
986,MAT00986,Sr. Cauê Vargas,Feminino,1991-10-05,2022-06-18,2023-01-04,Desligado,Voluntário,3,2,68,13
987,MAT00987,Luiz Gustavo Cavalcante,Feminino,1975-09-02,2022-09-30,2025-10-23,Desligado,Involuntário,7,2,45,7
988,MAT00988,Ana Clara Nunes,Masculino,1976-02-23,2019-12-17,,Ativo,,3,5,67,8
989,MAT00989,Maria Liz Sá,Feminino,2005-01-22,2021-07-16,,Ativo,,5,5,27,7
990,MAT00990,Dr. Cauê Albuquerque,Masculino,1999-06-12,2024-07-07,2025-08-14,Desligado,Involuntário,1,2,34,3
991,MAT00991,José Pedro Câmara,Feminino,1989-04-09,2024-02-25,,Ativo,,4,2,61,10
992,MAT00992,Stella Novais,Feminino,1982-03-16,2021-11-06,,Ativo,,5,5,55,4
993,MAT00993,Hellena Machado,Masculino,1982-06-28,2022-09-13,,Ativo,,1,3,52,5
994,MAT00994,Dr. Ravi Vargas,Masculino,1994-10-05,2023-01-21,,Ativo,,1,2,74,11
995,MAT00995,Sarah Cassiano,Feminino,1999-12-09,2020-07-25,,Ativo,,1,1,31,9
996,MAT00996,Sr. Rodrigo Caldeira,Masculino,1981-04-05,2022-11-06,,Ativo,,2,1,20,8
997,MAT00997,Oliver Barros,Feminino,1994-07-16,2018-02-09,,Ativo,,8,4,18,15
998,MAT00998,Diego Ferreira,Feminino,1972-09-24,2025-01-27,,Ativo,,4,3,41,13
999,MAT00999,Luigi Marques,Feminino,1986-05-18,2023-06-17,,Ativo,,2,1,73,1
1000,MAT01000,Vicente Mendes,Feminino,1999-12-06,2022-06-20,,Ativo,,1,4,8,4
1001,MAT01001,Dr. Calebe Macedo,Masculino,1975-11-04,2020-11-07,,Ativo,,7,4,58,12
1002,MAT01002,Dra. Milena Dias,Masculino,1989-06-12,2021-10-02,,Ativo,,2,2,72,9
1003,MAT01003,Kaique Aparecida,Feminino,1983-01-14,2020-11-21,2021-10-25,Desligado,Voluntário,5,4,45,14
1004,MAT01004,Srta. Alícia Fernandes,Masculino,1993-10-19,2024-10-16,,Ativo,,4,5,69,3
1005,MAT01005,Bianca Rocha,Masculino,1983-06-22,2021-03-11,,Ativo,,7,2,66,8
1006,MAT01006,Joaquim Moreira,Feminino,2000-07-20,2023-01-05,,Ativo,,1,1,37,8
1007,MAT01007,Yuri Castro,Feminino,1996-03-21,2025-01-31,,Ativo,,4,6,44,7
1008,MAT01008,Dr. Ravi da Conceição,Masculino,1969-07-28,2025-01-29,,Ativo,,8,2,10,2
1009,MAT01009,Ester Cirino,Masculino,1984-04-11,2019-10-26,2023-08-13,Desligado,Voluntário,4,2,38,12
1010,MAT01010,Marina Gonçalves,Masculino,1967-11-13,2020-12-31,,Ativo,,4,3,35,15
1011,MAT01011,Gael Henrique Machado,Feminino,1982-12-19,2022-12-28,,Ativo,,1,2,67,8
1012,MAT01012,Mariane Gomes,Masculino,1995-03-28,2022-08-23,,Ativo,,2,3,3,3
1013,MAT01013,Heitor Costela,Masculino,1989-12-23,2020-08-19,,Ativo,,4,5,11,4
1014,MAT01014,Benício Oliveira,Feminino,1980-02-04,2019-11-15,,Ativo,,3,2,9,15
1015,MAT01015,Vitor Gabriel Cirino,Feminino,1970-01-01,2023-04-23,2025-09-18,Desligado,Voluntário,2,4,51,9
1016,MAT01016,Dr. Gael Henrique Marques,Masculino,1999-05-20,2018-12-07,,Ativo,,6,5,20,2
1017,MAT01017,João Rios,Feminino,1981-05-08,2025-05-06,,Ativo,,2,3,32,12
1018,MAT01018,Vitória Porto,Masculino,1977-11-05,2021-03-09,2022-03-02,Desligado,Voluntário,7,2,68,14
1019,MAT01019,Dr. Matteo Pastor,Feminino,2004-01-22,2019-11-30,,Ativo,,2,1,46,14
1020,MAT01020,Luiz Fernando Fogaça,Feminino,1975-08-28,2021-08-25,,Ativo,,1,3,70,15
1021,MAT01021,Emanuella Rocha,Feminino,1970-08-05,2021-01-20,2025-03-18,Desligado,Involuntário,2,2,70,3
1022,MAT01022,Sra. Antonella Rocha,Masculino,1967-08-21,2024-08-17,,Ativo,,2,3,73,7
1023,MAT01023,Levi Campos,Masculino,1971-05-12,2023-11-15,,Ativo,,1,3,62,9
1024,MAT01024,Leandro Camargo,Masculino,2000-08-10,2020-07-19,,Ativo,,8,2,47,7
1025,MAT01025,Marcelo Sales,Feminino,1996-05-01,2020-11-30,,Ativo,,4,4,1,9
1026,MAT01026,Thomas Gomes,Feminino,1983-05-16,2019-07-13,,Ativo,,2,1,69,1
1027,MAT01027,Cecilia Oliveira,Masculino,1975-05-01,2023-07-08,,Ativo,,1,2,56,13
1028,MAT01028,Mariana Cirino,Feminino,1967-04-26,2021-04-14,,Ativo,,4,3,1,9
1029,MAT01029,Zoe Sales,Feminino,1993-07-18,2022-03-11,,Ativo,,1,2,56,7
1030,MAT01030,Emanuella Novais,Masculino,1995-12-24,2020-10-20,2024-09-01,Desligado,Voluntário,2,1,50,14
1031,MAT01031,Samuel da Paz,Masculino,1991-05-03,2022-03-30,,Ativo,,1,4,55,11
1032,MAT01032,Francisco Dias,Masculino,1972-10-26,2020-09-08,,Ativo,,6,2,35,5
1033,MAT01033,Ana Júlia Fogaça,Masculino,1971-05-14,2025-04-10,,Ativo,,6,5,25,14
1034,MAT01034,Ryan Carvalho,Feminino,1994-03-10,2018-10-08,,Ativo,,1,4,15,11
1035,MAT01035,Matheus Novais,Feminino,1977-05-23,2023-02-09,,Ativo,,5,3,80,8
1036,MAT01036,Sabrina Jesus,Feminino,1985-01-05,2020-02-09,,Ativo,,4,7,7,9
1037,MAT01037,Rebeca Leão,Feminino,1994-02-10,2018-04-01,2021-07-06,Desligado,Involuntário,6,7,17,12
1038,MAT01038,Sra. Rebeca Cavalcante,Feminino,2005-04-03,2022-12-01,,Ativo,,6,3,20,1
1039,MAT01039,Arthur Vieira,Masculino,1992-06-14,2023-07-15,2024-08-27,Desligado,Voluntário,5,4,64,6
1040,MAT01040,João Vitor Andrade,Feminino,2003-06-03,2023-03-15,,Ativo,,2,1,19,1
1041,MAT01041,Henry Gabriel Nascimento,Feminino,1980-02-18,2020-12-27,,Ativo,,6,6,61,3
1042,MAT01042,Enzo Gabriel Vasconcelos,Masculino,1989-07-27,2020-02-27,,Ativo,,6,4,2,2
1043,MAT01043,Sabrina Novaes,Masculino,1981-08-08,2020-10-16,,Ativo,,6,4,5,4
1044,MAT01044,Brenda Oliveira,Masculino,1999-09-22,2023-03-03,,Ativo,,4,4,27,8
1045,MAT01045,João Felipe Vasconcelos,Masculino,1986-06-06,2022-05-13,2022-11-05,Desligado,Voluntário,4,2,71,9
1046,MAT01046,Maria Clara Nogueira,Feminino,1989-08-21,2019-05-16,,Ativo,,3,3,39,4
1047,MAT01047,Pedro Lucas Nogueira,Feminino,2002-11-07,2022-01-16,,Ativo,,3,2,15,4
1048,MAT01048,Otávio Caldeira,Feminino,1978-06-01,2025-02-05,,Ativo,,2,1,22,13
1049,MAT01049,Dra. Isadora da Rosa,Feminino,1968-02-13,2021-02-04,,Ativo,,3,3,32,1
1050,MAT01050,Rael da Luz,Feminino,1968-12-16,2018-06-22,2025-05-28,Desligado,Voluntário,3,2,20,6
1051,MAT01051,Sr. Pedro Lucas Campos,Feminino,1990-03-16,2019-01-02,,Ativo,,7,2,12,11
1052,MAT01052,Gustavo Henrique Sousa,Masculino,1984-11-02,2024-12-08,2025-04-07,Desligado,Voluntário,1,1,46,11
1053,MAT01053,Marcela Santos,Feminino,1971-02-05,2019-09-23,,Ativo,,1,4,63,4
1054,MAT01054,Mariane Cavalcante,Feminino,1970-11-25,2021-07-21,2023-09-30,Desligado,Voluntário,1,1,57,12
1055,MAT01055,Cecilia Viana,Masculino,2004-12-13,2020-03-01,,Ativo,,2,2,46,12
1056,MAT01056,Gustavo Araújo,Feminino,1989-01-16,2019-07-06,,Ativo,,8,2,57,9
1057,MAT01057,Marcela Nascimento,Masculino,1971-12-16,2021-04-22,,Ativo,,1,1,25,10
1058,MAT01058,Vitor Gabriel Cavalcante,Feminino,1971-06-11,2020-02-04,,Ativo,,3,4,60,5
1059,MAT01059,Dr. João Vitor Oliveira,Masculino,1970-03-03,2024-09-18,2025-09-14,Desligado,Involuntário,2,1,20,8
1060,MAT01060,Théo Rocha,Feminino,1989-09-12,2021-04-26,,Ativo,,5,4,59,1
1061,MAT01061,Davi Luiz Sá,Masculino,1973-07-24,2025-02-26,,Ativo,,1,1,24,15
1062,MAT01062,Ana Liz da Mota,Feminino,1982-10-08,2018-03-18,,Ativo,,4,4,42,12
1063,MAT01063,Carolina Sampaio,Masculino,1971-07-07,2018-09-17,,Ativo,,2,2,68,11
1064,MAT01064,Josué Casa Grande,Feminino,1970-03-20,2023-07-31,,Ativo,,2,4,37,6
1065,MAT01065,Sra. Isadora Teixeira,Feminino,1985-02-04,2022-08-06,,Ativo,,2,2,67,11
1066,MAT01066,Maria Júlia Mendonça,Feminino,2003-03-06,2018-10-01,,Ativo,,6,3,5,4
1067,MAT01067,João Felipe Pires,Masculino,1974-04-04,2019-03-15,,Ativo,,4,6,5,10
1068,MAT01068,Maria Flor Machado,Feminino,1981-11-16,2025-03-13,2025-10-23,Desligado,Voluntário,1,3,80,12
1069,MAT01069,Caleb Guerra,Feminino,1989-01-12,2024-08-14,,Ativo,,3,4,29,10
1070,MAT01070,Lara Sales,Masculino,2005-04-21,2018-10-18,2024-07-20,Desligado,Voluntário,5,4,11,8
1071,MAT01071,Dr. Ryan Duarte,Feminino,2002-06-18,2025-03-02,,Ativo,,7,4,54,14
1072,MAT01072,Agatha Vasconcelos,Feminino,2002-10-09,2022-02-20,,Ativo,,2,3,68,1
1073,MAT01073,Srta. Natália Porto,Feminino,1986-02-07,2018-10-16,,Ativo,,2,2,67,2
1074,MAT01074,Maria Alice Azevedo,Feminino,1991-09-13,2019-02-19,,Ativo,,3,4,25,4
1075,MAT01075,Maria Laura Cunha,Masculino,1990-10-21,2023-11-26,,Ativo,,5,3,23,9
1076,MAT01076,Hadassa Monteiro,Feminino,1979-12-04,2024-04-05,,Ativo,,4,3,74,6
1077,MAT01077,Lorenzo da Paz,Feminino,1978-02-06,2023-02-22,,Ativo,,6,5,24,9
1078,MAT01078,Sr. Ryan Viana,Masculino,1973-06-22,2022-07-03,,Ativo,,1,2,21,9
1079,MAT01079,Sr. Augusto Brito,Feminino,1977-06-11,2024-09-23,2025-09-29,Desligado,Voluntário,3,3,42,14
1080,MAT01080,Natália Almeida,Masculino,1979-11-14,2022-03-03,,Ativo,,5,3,42,10
1081,MAT01081,Emanuel Macedo,Feminino,1969-09-07,2020-09-12,2023-01-18,Desligado,Voluntário,1,2,71,15
1082,MAT01082,Agatha Lima,Feminino,1982-08-15,2020-11-06,,Ativo,,3,4,51,1
1083,MAT01083,Davi Lucca Rezende,Masculino,1987-10-01,2018-05-22,,Ativo,,1,4,67,3
1084,MAT01084,Emanuel da Mota,Masculino,2005-05-08,2021-05-21,,Ativo,,4,6,28,14
1085,MAT01085,Luiz Miguel da Cunha,Feminino,2004-12-27,2021-07-13,2023-04-29,Desligado,Voluntário,7,2,71,9
1086,MAT01086,Marcelo Rios,Masculino,1969-10-05,2024-03-28,,Ativo,,2,2,13,1
1087,MAT01087,Eloah Aragão,Feminino,1983-03-05,2023-03-01,2024-02-25,Desligado,Voluntário,3,4,47,15
1088,MAT01088,Lorena Silveira,Feminino,1990-04-09,2024-07-12,,Ativo,,3,3,39,2
1089,MAT01089,Srta. Mariane Rezende,Masculino,1980-10-07,2024-05-25,,Ativo,,6,2,10,12
1090,MAT01090,Calebe Abreu,Masculino,1975-03-16,2021-08-22,2025-10-02,Desligado,Voluntário,6,7,74,14
1091,MAT01091,Rhavi Barbosa,Masculino,1967-11-10,2019-01-26,,Ativo,,3,4,5,12
1092,MAT01092,Henry Gabriel Moreira,Feminino,1981-02-25,2024-06-18,,Ativo,,7,4,8,15
1093,MAT01093,Melina Albuquerque,Masculino,1983-07-14,2021-10-01,,Ativo,,7,1,16,14
1094,MAT01094,Luigi Campos,Feminino,1967-01-21,2020-07-17,2025-02-23,Desligado,Involuntário,2,1,49,1
1095,MAT01095,Caroline Mendes,Masculino,1972-01-11,2021-06-02,,Ativo,,5,4,70,10
1096,MAT01096,Ian Gomes,Masculino,1985-09-23,2019-09-05,2022-05-26,Desligado,Involuntário,2,2,20,1
1097,MAT01097,Cauã Caldeira,Masculino,1977-10-19,2022-05-29,,Ativo,,7,2,65,2
1098,MAT01098,Dr. Kaique Carvalho,Feminino,1978-05-26,2020-06-28,,Ativo,,5,7,51,3
1099,MAT01099,Catarina Ramos,Feminino,1984-02-16,2019-06-26,,Ativo,,5,6,74,12
1100,MAT01100,Cecília Azevedo,Masculino,1970-07-09,2018-07-21,,Ativo,,3,3,11,7
1101,MAT01101,Alexia Pimenta,Feminino,1978-12-05,2023-08-18,,Ativo,,5,4,18,8
1102,MAT01102,Eloah Macedo,Feminino,1993-08-13,2024-04-09,,Ativo,,1,3,74,4
1103,MAT01103,Sr. Dom Jesus,Feminino,1972-04-08,2024-04-17,,Ativo,,5,6,10,5
1104,MAT01104,Melina Cunha,Feminino,1985-11-19,2022-10-28,,Ativo,,8,3,12,2
1105,MAT01105,Carlos Eduardo Carvalho,Feminino,1978-06-12,2022-08-22,,Ativo,,3,2,25,6
1106,MAT01106,Matheus Ferreira,Masculino,1967-11-01,2021-11-12,,Ativo,,6,6,40,3
1107,MAT01107,Luara Vieira,Masculino,1977-10-05,2021-12-03,2024-08-21,Desligado,Involuntário,7,3,6,15
1108,MAT01108,Josué da Mota,Masculino,1993-11-12,2020-08-14,,Ativo,,5,4,20,13
1109,MAT01109,Antonella da Cruz,Masculino,1998-12-02,2018-12-18,,Ativo,,3,2,32,10
1110,MAT01110,Larissa Vasconcelos,Feminino,1987-01-11,2019-08-28,,Ativo,,7,1,15,5
1111,MAT01111,Srta. Liz Costela,Masculino,1975-01-11,2023-01-18,,Ativo,,5,6,27,12
1112,MAT01112,Sophia Correia,Masculino,1992-04-18,2024-01-13,2025-09-29,Desligado,Involuntário,2,4,34,9
1113,MAT01113,Sra. Laís Ramos,Feminino,1996-12-23,2023-06-02,,Ativo,,5,4,3,7
1114,MAT01114,Isaque Monteiro,Masculino,1972-01-09,2024-07-15,,Ativo,,1,3,22,1
1115,MAT01115,Brenda da Costa,Feminino,1993-12-20,2021-03-09,,Ativo,,2,1,35,1
1116,MAT01116,Ana Sophia Moura,Masculino,2005-02-13,2023-03-20,,Ativo,,1,3,35,11
1117,MAT01117,Luiz Miguel Dias,Masculino,1982-02-01,2025-05-27,,Ativo,,3,6,38,14
1118,MAT01118,Mathias Nunes,Masculino,1981-04-13,2025-04-13,,Ativo,,1,3,66,12
1119,MAT01119,Maria Clara Nogueira,Feminino,1985-08-28,2019-02-12,,Ativo,,2,4,77,9
1120,MAT01120,Emanuella Teixeira,Masculino,1994-04-17,2018-12-27,2024-05-14,Desligado,Involuntário,3,6,72,15
1121,MAT01121,Ana Sophia Almeida,Masculino,2003-04-17,2018-03-30,,Ativo,,4,3,40,6
1122,MAT01122,Ana Lívia Albuquerque,Feminino,1980-12-06,2023-06-30,,Ativo,,2,3,3,6
1123,MAT01123,Henrique Aparecida,Feminino,1983-11-10,2021-12-12,,Ativo,,1,2,31,9
1124,MAT01124,Miguel Montenegro,Feminino,2002-11-09,2021-02-03,,Ativo,,2,2,50,15
1125,MAT01125,Theodoro Vargas,Feminino,1970-05-08,2018-05-01,,Ativo,,7,2,20,6
1126,MAT01126,Mariana Sampaio,Masculino,1997-02-24,2022-05-29,2024-10-17,Desligado,Involuntário,8,3,67,11
1127,MAT01127,Antonella Porto,Feminino,1991-07-08,2024-11-13,,Ativo,,3,4,74,3
1128,MAT01128,Zoe Pimenta,Feminino,1986-10-11,2022-10-13,,Ativo,,6,4,58,9
1129,MAT01129,João Lucas Barros,Feminino,1992-11-05,2019-06-24,,Ativo,,2,3,75,9
1130,MAT01130,Bruno Moraes,Masculino,1997-05-23,2020-04-08,,Ativo,,4,8,68,15
1131,MAT01131,Eduardo Nascimento,Feminino,1978-03-21,2019-07-08,2021-07-14,Desligado,Voluntário,2,1,41,2
1132,MAT01132,Dr. Benício das Neves,Masculino,1971-12-04,2024-04-01,,Ativo,,1,4,24,6
1133,MAT01133,Sra. Isabella Araújo,Masculino,2004-06-14,2019-08-20,2024-06-28,Desligado,Involuntário,1,1,39,8
1134,MAT01134,Caio Lopes,Feminino,1988-03-25,2025-02-21,,Ativo,,3,2,25,2
1135,MAT01135,Rafael Pimenta,Feminino,1994-01-25,2019-06-23,,Ativo,,2,3,79,10
1136,MAT01136,Ana Laura das Neves,Feminino,1967-10-20,2020-12-29,2022-07-14,Desligado,Voluntário,1,4,77,4
1137,MAT01137,Emanuella Campos,Feminino,2004-06-03,2020-08-03,,Ativo,,1,2,62,3
1138,MAT01138,Davi Miguel Sampaio,Masculino,1967-08-23,2023-08-20,,Ativo,,3,5,48,3
1139,MAT01139,Enrico Monteiro,Feminino,1974-08-05,2022-05-07,,Ativo,,7,1,21,4
1140,MAT01140,Dr. Enzo Freitas,Masculino,2003-07-25,2020-07-15,,Ativo,,8,4,2,15
1141,MAT01141,João Felipe Siqueira,Masculino,1979-04-24,2021-01-10,,Ativo,,2,2,26,13
1142,MAT01142,Arthur Farias,Feminino,2001-03-15,2020-04-17,,Ativo,,1,3,79,8
1143,MAT01143,Júlia Moura,Feminino,1976-04-14,2021-08-23,,Ativo,,3,3,52,13
1144,MAT01144,João Silva,Feminino,1967-12-27,2018-06-21,,Ativo,,6,2,49,12
1145,MAT01145,Ana Vitória Monteiro,Feminino,1980-10-24,2021-07-05,2024-12-17,Desligado,Voluntário,2,1,77,9
1146,MAT01146,Sophia Fonseca,Masculino,2003-09-04,2023-11-22,,Ativo,,3,3,58,8
1147,MAT01147,Theo Nunes,Feminino,1990-09-18,2018-06-23,2023-02-27,Desligado,Involuntário,3,3,6,9
1148,MAT01148,Léo Castro,Feminino,1972-11-02,2022-05-06,,Ativo,,2,2,25,5
1149,MAT01149,Cauã Oliveira,Feminino,1980-05-25,2022-12-06,,Ativo,,6,2,37,8
1150,MAT01150,Bruna da Conceição,Feminino,1978-05-20,2019-11-13,2020-09-21,Desligado,Involuntário,1,4,67,15
1151,MAT01151,Dra. Agatha Aparecida,Masculino,1976-11-15,2019-08-06,,Ativo,,1,4,12,12
1152,MAT01152,Joaquim Aparecida,Masculino,1998-03-25,2023-08-13,2025-07-02,Desligado,Voluntário,1,4,70,3
1153,MAT01153,Maria Clara Gomes,Masculino,1979-06-15,2022-05-30,,Ativo,,7,4,4,3
1154,MAT01154,Felipe Andrade,Feminino,1968-12-07,2023-02-02,,Ativo,,1,2,59,2
1155,MAT01155,Mariah Câmara,Feminino,1985-12-21,2020-10-21,2025-01-15,Desligado,Involuntário,2,2,21,12
1156,MAT01156,Sr. Oliver Silveira,Masculino,2000-02-23,2019-05-22,,Ativo,,2,2,58,11
1157,MAT01157,Dr. Breno Oliveira,Feminino,2000-09-23,2022-01-26,,Ativo,,5,4,50,12
1158,MAT01158,Sr. Theodoro Rocha,Masculino,1995-07-18,2023-09-27,2025-01-18,Desligado,Voluntário,2,2,6,13
1159,MAT01159,Felipe Câmara,Feminino,1984-10-28,2019-12-01,2021-11-04,Desligado,Voluntário,8,3,21,14
1160,MAT01160,Ana Clara Guerra,Feminino,1994-12-02,2019-08-16,,Ativo,,8,2,54,5
1161,MAT01161,Ravi Lucca da Paz,Feminino,1977-05-21,2021-06-21,,Ativo,,8,3,24,2
1162,MAT01162,Luan Borges,Masculino,1993-01-20,2019-06-23,,Ativo,,4,2,33,1
1163,MAT01163,Mirella Albuquerque,Masculino,1974-08-18,2023-02-22,,Ativo,,7,4,1,10
1164,MAT01164,Sr. João Vitor Nunes,Masculino,1990-04-19,2023-07-15,,Ativo,,1,2,61,8
1165,MAT01165,Joaquim Martins,Masculino,1977-02-20,2022-08-07,,Ativo,,2,1,77,1
1166,MAT01166,Dr. Gael Henrique Siqueira,Feminino,1970-05-20,2020-09-29,2024-07-07,Desligado,Voluntário,2,1,72,14
1167,MAT01167,Isabelly Cassiano,Feminino,2002-03-05,2020-04-30,,Ativo,,5,5,8,11
1168,MAT01168,Nicolas Alves,Masculino,2003-03-28,2021-11-30,,Ativo,,6,3,5,11
1169,MAT01169,Vitor Hugo Ferreira,Feminino,1967-05-11,2024-06-25,,Ativo,,1,1,12,1
1170,MAT01170,Alexia Farias,Feminino,1979-03-06,2019-03-23,,Ativo,,5,3,37,10
1171,MAT01171,Marcos Vinicius Sousa,Feminino,1967-10-26,2025-05-31,,Ativo,,1,3,72,3
1172,MAT01172,Sra. Bella Costela,Feminino,1968-06-02,2023-02-09,,Ativo,,1,1,12,13
1173,MAT01173,Isabela Leão,Feminino,1985-06-13,2021-05-10,,Ativo,,7,1,9,13
1174,MAT01174,Ana Liz Casa Grande,Feminino,1970-02-10,2022-10-17,2025-09-05,Desligado,Involuntário,2,4,18,2
1175,MAT01175,Sra. Ayla Aparecida,Feminino,1984-09-14,2021-01-29,,Ativo,,5,5,68,4
1176,MAT01176,Vicente Jesus,Feminino,2002-02-19,2020-05-06,2024-09-06,Desligado,Involuntário,3,2,68,2
1177,MAT01177,Sra. Natália Souza,Masculino,1967-12-10,2023-06-05,,Ativo,,2,3,55,10
1178,MAT01178,Calebe Montenegro,Feminino,1989-09-19,2021-07-20,,Ativo,,5,5,80,6
1179,MAT01179,Matteo Barbosa,Masculino,1969-08-17,2019-06-16,,Ativo,,2,2,64,8
1180,MAT01180,Ana Liz Lopes,Masculino,1991-12-10,2020-01-07,,Ativo,,7,2,25,1
1181,MAT01181,Caroline da Costa,Masculino,2004-08-21,2019-04-30,,Ativo,,3,4,16,12
1182,MAT01182,José Pedro Dias,Feminino,1979-07-02,2020-04-29,,Ativo,,4,5,43,6
1183,MAT01183,Lunna Dias,Masculino,1992-01-21,2024-04-14,,Ativo,,3,6,26,12
1184,MAT01184,Júlia da Conceição,Masculino,1989-02-10,2021-02-27,,Ativo,,8,4,39,9
1185,MAT01185,Guilherme Carvalho,Masculino,1985-01-04,2024-03-02,2025-05-07,Desligado,Voluntário,7,2,44,7
1186,MAT01186,Bianca Cassiano,Masculino,2004-03-07,2024-05-19,,Ativo,,3,5,43,14
1187,MAT01187,Enzo Machado,Feminino,1975-08-26,2021-10-16,,Ativo,,1,3,5,11
1188,MAT01188,Luara Jesus,Feminino,1975-03-21,2019-07-11,,Ativo,,2,3,59,15
1189,MAT01189,Vitor Gabriel Fogaça,Feminino,1984-08-26,2024-01-09,,Ativo,,8,5,53,15
1190,MAT01190,Rael das Neves,Masculino,1972-05-19,2018-08-18,,Ativo,,3,6,41,9
1191,MAT01191,Julia Campos,Feminino,2004-04-19,2024-01-04,2025-03-08,Desligado,Voluntário,2,2,46,2
1192,MAT01192,Emanuel Rodrigues,Masculino,1988-01-11,2019-09-04,,Ativo,,1,4,49,11
1193,MAT01193,Asafe Cunha,Masculino,1995-10-20,2023-12-29,,Ativo,,6,4,50,3
1194,MAT01194,Sr. Caleb Silva,Masculino,1998-05-23,2024-09-03,,Ativo,,4,5,41,12
1195,MAT01195,Luiz Henrique Gonçalves,Feminino,1988-07-03,2018-05-10,,Ativo,,4,3,64,15
1196,MAT01196,Ana Julia Rocha,Masculino,1982-08-27,2020-08-31,,Ativo,,7,1,39,4
1197,MAT01197,José Pedro Cavalcanti,Masculino,1986-03-04,2023-11-21,,Ativo,,4,3,48,13
1198,MAT01198,Nathan Machado,Masculino,1993-02-15,2018-06-03,2024-05-04,Desligado,Involuntário,2,4,4,13
1199,MAT01199,Isadora Brito,Feminino,1973-03-07,2023-05-31,2024-08-11,Desligado,Involuntário,1,2,62,12
1200,MAT01200,Bella Vieira,Feminino,1986-06-05,2023-11-15,,Ativo,,4,2,13,14
